<addon id="skin.ditistv" version="0.1.1" name="ditistv" provider-name="Dit is TV!">
  <requires>
    <import addon="xbmc.gui" version="4.0.0"/>
    <import addon="script.favourites" version="3.2.5"/>
    <import addon="service.skin.widgets" version="0.0.13"/>
  </requires>
  <extension
    point="xbmc.gui.skin"
	defaultresolution="1080i"
    defaultthemename="Textures.xbt"
    debugging="false">
  </extension>
  <extension point="xbmc.addon.metadata">
    <platform>all</platform>
    <description>Standaard skin voor Dit is TV!</description>
    <summary lang="nl">Standaard skin voor Dit is TV!</summary>
    <summary lang="en">Default skin for Dit is TV!</summary>
	
    <disclaimer>Dit is TV! - Infos and changelog at www.ditistv.nl</disclaimer>
   
  </extension>
</addon>
