﻿<window type="dialog" id="1120">
  <defaultcontrol always="true">9000</defaultcontrol>
  <include>DialogOpenClose</include>
  <controls>
    <control type="group">
      <visible allowhiddenfocus="true">ControlGroup(9000).HasFocus()</visible>
      <include>DialogOpenCloseVisible</include>
      <control type="image" description="List back">
        <posx>540</posx>
		<posy>270</posy>
		<width>840</width>
        <height>540</height>
        <aspectratio>stretch</aspectratio>
        <texture border="150">images/dialog.png</texture>
      </control>
      <control type="grouplist" id="9000">
        <include>DialogGLs</include>
        <control type="button" id="699">
          <include>DialogButt</include>
          <label>$LOCALIZE[128] $LOCALIZE[5]</label>
          <onclick>Close</onclick>
          <onclick>ActivateWindow(Settings)</onclick>
        </control>
        <control type="button" id="700">
          <include>DialogButt</include>
          <label>20077</label>
          <onclick>Close</onclick>
	<onclick>activatewindow(56)</onclick> 
        </control>


        <control type="button" id="701">
          <include>DialogButt</include>
          <label>Systeeminstellingen</label>
          <onclick>Close</onclick>
	<onclick>RunAddon(service.openelec.settings)</onclick>

        </control>

 <control type="button" id="702">
          <include>DialogButt</include>
          <label>Systeem Informatie</label>
          <onclick>Close</onclick>
	<onclick>activatewindow(systeminfo)</onclick>

        </control>








      </control>
    </control>
  </controls>
</window>
