﻿<window id="614">
  <defaultcontrol></defaultcontrol>
  <include>OpenClose</include>
  <controls>
    <control type="group">
      <posx>570</posx>
      <posy>-120</posy>
      <animation effect="slide" start="0,-120" end="0,120" time="450">WindowOpen</animation>
      <animation effect="slide" start="0,120" end="0,-120" time="450">WindowClose</animation>
      <control type="image" description="Dialog BG">
        <posx>0</posx>
        <posy>-6</posy>
        <width>800</width>
        <height>108</height>
        <texture border="14">images/progressbg.png</texture>
      </control>
      <control type="label" id="30" description="Caption Label">
        <posx>22</posx>
        <posy>9</posy>
        <width>755</width>
        <height>27</height>
        <font>size21</font>
        <align>left</align>
        <aligny>center</aligny>
      </control>
      <control type="label" id="31" description="Current Directory Label">
        <posx>22</posx>
        <posy>36</posy>
        <width>755</width>
        <height>30</height>
        <font>size21</font>
        <align>left</align>
        <aligny>center</aligny>
      </control>
      <control type="progress" id="32" description="Progress bar">
        <posx>22</posx>
        <posy>75</posy>
        <width>755</width>
        <height>8</height>
        <texturebg>musicosd/progressbg.png</texturebg>
        <midtexture>musicosd/progressm.png</midtexture>
        <righttexture>musicosd/progressr.png</righttexture>
        <lefttexture>musicosd/progressl.png</lefttexture>
      </control>
    </control>
  </controls>
</window>
