﻿<window type="dialog" id="134">
  <defaultcontrol always="true">450</defaultcontrol>
  <allowoverlay>no</allowoverlay>
  <onunload>RunScript(script.favourites)</onunload>
  <include>OpenClose</include>
  <controls>
    <include>BlackBackground</include>
    <control type="label" description="Header label">
      <include>HeadingR</include>
      <label>1036</label>
    </control>
    <control type="group">
      <posx>960</posx>
      <posy>131</posy>
      <control type="fixedlist" id="450">
        <width>960</width>
        <height>888</height>
        <onleft>-</onleft>
        <onright condition="Skin.HasSetting(Scrollbars_Active)">60</onright>
        <onup>450</onup>
        <ondown>450</ondown>
        <pagecontrol>60</pagecontrol>
        <focusposition>3</focusposition>
        <movement>4</movement>
        <scrolltime tween="sine" easing="inout">280</scrolltime>
        <include>LargeListLayout</include>
      </control>
    </control>
	<include>Linemiddle</include>
    <control type="image">
      <visible>Container.HasPrevious</visible>
      <animation effect="fade" time="200">VisibleChange</animation>
      <posx>1005</posx>
      <posy>135</posy>
      <height>81</height>
      <width>832</width>
      <texture flipy="true">images/defaultgradient.png</texture>
      <aspectratio>stretch</aspectratio>
    </control>
    <control type="image">
      <animation effect="fade" time="200">VisibleChange</animation>
      <visible>Container.HasNext</visible>
      <posx>1005</posx>
      <posy>963</posy>
      <height>81</height>
      <width>832</width>
      <texture>images/defaultgradient.png</texture>
      <aspectratio>stretch</aspectratio>
    </control>
    <control type="group" description="Thumbs">
      <posx>-6</posx>
      <posy>267</posy>
      <!--<animation effect="rotatey" start="0" end="-9" center="260," time="0" reversible="false" condition="true">Conditional</animation>-->
      <control type="group" description="Squares">
        <control type="image" description="Thumb Reflection">
          <posx>248</posx>
          <posy>585</posy>
          <width>495</width>
          <height>495</height>
          <include>Icon_Fade</include>
          <texture background="true" diffuse="images/reflection.png" flipy="true">$INFO[ListItem.Icon]</texture>
          <aspectratio>keep</aspectratio>
        </control>
        <control type="image" description="Thumb">
          <posx>248</posx>
          <posy>90</posy>
          <width>495</width>
          <height>495</height>
          <include>Icon_Fade</include>
          <texture diffuse="images/diffuseb.png" background="true">$INFO[ListItem.Icon]</texture>
          <aspectratio>keep</aspectratio>
        </control>
      </control>
    </control>
    <control type="scrollbar" id="60">
      <posx>51r</posx>
      <posy>135</posy>
      <height>870</height>
      <onleft>450</onleft>
      <onright>-</onright>
    </control>
  </controls>
</window>
