<includes>
  <include name="Musicviews">
    <control type="group" description="Base Music List">
      <visible>Control.IsVisible(50)</visible>
	  <control type="group">
        <visible>!Container.content(musicvideos)</visible>
        <include>left_Panel_square</include>
      </control>
      <control type="group">
        <visible>Container.content(musicvideos)</visible>
        <include>left_Panel_square</include>
        <include>MusicInfo</include>
      </control>
      <control type="group" description="List">
        <posx>960</posx>
      <posy>131</posy>
        <control type="fixedlist" id="50">
          <visible>!Container.content(songs)</visible>
          <width>920</width>
          <height>888</height>
          <onleft condition="!Skin.HasSetting(ViewsMenuOff)">9000</onleft>
		  <onleft condition="Skin.HasSetting(ViewsMenuOff)">-</onleft>
          <onright condition="!Skin.HasSetting(Scrollbars_Passive)">60</onright>
		  <onright condition="Skin.HasSetting(Scrollbars_Passive)">-</onright>
          <onup>50</onup>
          <ondown>50</ondown>
          <pagecontrol>60</pagecontrol>
          <viewtype label="537">Big list</viewtype>
          <focusposition>3</focusposition>
          <movement>4</movement>
          <preloaditems>4</preloaditems>
          <scrolltime>250</scrolltime>
          <include>LargeListLayout</include>
        </control>
      </control>
	  <include>Linemiddle</include>
      <control type="scrollbar" id="60">
        <posx>51r</posx>
        <posy>135</posy>
        <height>870</height>
        <onleft>50</onleft>
        <onright>-</onright>
      </control>
    </control>
    <control type="group" description="Big List">
      <visible>Control.IsVisible(51)</visible>
      <include>left_Panel_square</include>
      <include>MusicInfo</include>
      <control type="group" description="Slider and List">
        <include>SlimListItemCount</include>
        <posx>960</posx>
      <posy>131</posy>
        <control type="fixedlist" id="51">
          <width>900</width>
          <height>891</height>
          <onleft condition="!Skin.HasSetting(ViewsMenuOff)">9000</onleft>
          <onright condition="!Skin.HasSetting(Scrollbars_Passive)">60</onright>
          <onup>51</onup>
          <ondown>51</ondown>
          <pagecontrol>60</pagecontrol>
          <viewtype label="535">Media info</viewtype>
          <focusposition>5</focusposition>
          <movement>5</movement>
          <preloaditems>4</preloaditems>
          <scrolltime tween="sine" easing="inout">200</scrolltime>
          <itemlayout width="890" height="81">
            <control type="label" description="Main Label">
              <width max="629">auto</width>
              <include>52MainLabel</include>
              <label>$INFO[ListItem.Label]</label>
            </control>
            <control type="label" description="Label2">
              <visible>![Player.HasAudio + ListItem.IsPlaying]</visible>
              <visible>container.content(songs)</visible>
              <include>52Label2</include>
              <label>$INFO[ListItem.Duration]</label>
            </control>
            <control type="image" description="playing">
              <visible>[Player.HasAudio + ListItem.IsPlaying]</visible>
              <posx>99r</posx>
              <posy>0</posy>
              <height>81</height>
              <width>36</width>
              <aspectratio>keep</aspectratio>
              <texture>images/nowplayingnf.png</texture>
            </control>
			<control type="image">
                <width>900</width>
                <height>1</height>
                <texture>images/line.png</texture>
              </control>
          </itemlayout>
          <focusedlayout width="890" height="81">
		  <control type="image">
                <animation effect="fade" end="0" time="30">UnFocus</animation>
                <width>920</width>
                <height>81</height>
                <texture>images/white2.png</texture>
                <colordiffuse>335555FF</colordiffuse>
              </control>
            <control type="label" description="Main Label">
              <width max="629">auto</width>
              <textcolor>White2</textcolor>
  			  <include>52MainLabel</include>
              <label>$INFO[ListItem.Label]</label>
            </control>
            <control type="label" description="Label2">
              <visible>![Player.HasAudio + ListItem.IsPlaying]</visible>
              <include>52Label2FO</include>
              <label>$INFO[ListItem.Duration]</label>
            </control>
            <control type="image" description="playing">
              <visible>[Player.HasAudio + ListItem.IsPlaying]</visible>
              <animation effect="fade" start="50" end="100" time="100" delay="200">Focus</animation>
              <posx>99r</posx>
              <posy>0</posy>
              <height>81</height>
              <width>36</width>
              <aspectratio>keep</aspectratio>
              <texture>images/nowplayingfo.png</texture>
            </control>
			<control type="image">
                <width>900</width>
                <height>1</height>
                <texture>images/line.png</texture>
              </control>
          </focusedlayout>
        </control>
		<control type="image">
        <width>1</width>
        <height>1080</height>
        <texture>images/linev.png</texture>
      </control>
      </control>
      <control type="scrollbar" id="60">
        <posx>51r</posx>
        <posy>137</posy>
        <height>880
		</height>
        <onleft>51</onleft>
        <onright>-</onright>
      </control>
    </control>
    
    <!--ICONE-->
    <control type="group" description="Icon View">
      <visible>Control.IsVisible(53)</visible>
      <control type="group" description="Container and frame">
        <control type="panel" id="53" description="Panel">
          <visible>Container.Content(Albums) | Container.Content(Addons)</visible>
          <visible>!Container.content(songs)</visible>
          <viewtype label="536">Icons</viewtype>
          <posx>60</posx>
          <posy>140</posy>
          <width>1800</width>
          <height>897</height>
          <orientation>vertical</orientation>
          <onup>-</onup>
          <ondown>-</ondown>
          <onleft condition="!Skin.HasSetting(ViewsMenuOff)">9000</onleft>
          <onright condition="Skin.HasSetting(Scrollbars_Active)">60</onright>
          <preloaditems>4</preloaditems>
          <pagecontrol>60</pagecontrol>
          <scrolltime>400</scrolltime>
          <itemlayout height="345" width="300">
            <control type="image">
              <posx>22</posx>
              <posy>279</posy>
              <width>255</width>
              <height>255</height>
              <texture flipy="true" diffuse="images/reflection0.png" background="true">$INFO[ListItem.Thumb]</texture>
              <aspectratio>stretch</aspectratio>
            </control>
            <control type="image">
              <visible>container.content(albums)</visible>
              <posx>22</posx>
              <posy>24</posy>
              <width>255</width>
              <height>255</height>
              <texture fallback="DefaultAudio.png" background="true">$INFO[ListItem.Icon]</texture>
              <aspectratio>stretch</aspectratio>
            </control>
            <control type="image">
              <visible>!container.content(albums)</visible>
              <posx>22</posx>
              <posy>24</posy>
              <width>255</width>
              <height>255</height>
              <texture background="true">$INFO[ListItem.Icon]</texture>
              <aspectratio>stretch</aspectratio>
            </control>
          </itemlayout>
          <focusedlayout height="345" width="300">
            <control type="image">
              <animation effect="fade" start="100" end="20" delay="100" time="200" reversible="true">Focus</animation>
              <posx>22</posx>
              <posy>279</posy>
              <width>255</width>
              <height>255</height>
              <texture flipy="true" diffuse="images/reflection0.png" background="true">$INFO[ListItem.Icon]</texture>
              <aspectratio>stretch</aspectratio>
            </control>
            <control type="image">
              <visible>container.content(albums)</visible>
              <posx>22</posx>
              <posy>24</posy>
              <width>255</width>
              <height>255</height>
              <texture fallback="DefaultAudio.png" background="true">$INFO[ListItem.Icon]</texture>
              <aspectratio>stretch</aspectratio>
            </control>
            <control type="image">
              <visible>!container.content(albums)</visible>
              <posx>22</posx>
              <posy>24</posy>
              <width>255</width>
              <height>255</height>
              <texture background="true">$INFO[ListItem.Icon]</texture>
              <aspectratio>stretch</aspectratio>
            </control>
            <control type="label">
              <animation effect="fade" start="0" end="100" time="200" delay="100">Focus</animation>
              <posx>150</posx>
              <posy>300</posy>
              <width>270</width>
              <height>45</height>
              <font>size27</font>
              <textcolor>White2</textcolor>
              <shadowcolor>Black</shadowcolor>
              <align>center</align>
              <label>[B]$INFO[ListItem.Label][/B]</label>
            </control>
          </focusedlayout>
        </control>
        <control type="group" description="Slider">
          <include>Scrollanim</include>
          <control type="image">
            <posx>69</posx>
            <posy>151</posy>
            <width>281</width>
            <height>281</height>
            <texture border="20">images/generalslider.png</texture>
            <aspectratio>stretch</aspectratio>
            <animation condition="Container.Column(0)" effect="slide" start="0,0" end="0,0" time="200" reversible="true">Conditional</animation>
            <animation condition="Container.Column(1)" effect="slide" start="0,0" end="300,0" time="200" reversible="true">Conditional</animation>
            <animation condition="Container.Column(2)" effect="slide" start="0,0" end="600,0" time="200" reversible="true">Conditional</animation>
            <animation condition="Container.Column(3)" effect="slide" start="0,0" end="900,0" time="200" reversible="true">Conditional</animation>
            <animation condition="Container.Column(4)" effect="slide" start="0,0" end="1200,0" time="200" reversible="true">Conditional</animation>
            <animation condition="Container.Column(5)" effect="slide" start="0,0" end="1500,0" time="200" reversible="true">Conditional</animation>
            <animation condition="Container.Row(0)" effect="slide" start="0,0" end="0,0" time="200" reversible="true">Conditional</animation>
            <animation condition="Container.Row(1)" effect="slide" start="0,0" end="0,345" time="200" reversible="true">Conditional</animation>
            <animation condition="Container.Row(2)" effect="slide" start="0,0" end="0,345" time="200" reversible="true">Conditional</animation>
          </control>
        </control>
      </control>
      <control type="image" description="Line Split">
        <posx>82</posx>
        <posy>139</posy>
        <width>1748</width>
        <height>1</height>
        <texture>images/linel.png</texture>
        <aspectratio>stretch</aspectratio>
      </control>
      <control type="label" description="Media details">
        <posx>82</posx>
        <posy>90</posy>
        <width>1200</width>
        <textcolor>Silver</textcolor>
        <include>Genre51Commons</include>
        <label>$INFO[ListItem.label][COLOR=Grey]  $INFO[ListItem.Artist]$INFO[ListItem.Property(Addon.Creator)][/COLOR]</label>
      </control>
      <control type="grouplist">
        <posx>304r</posx>
        <posy>106</posy>
        <height>24</height>
        <width>195</width>
        <itemgap>15</itemgap>
        <align>right</align>
        <orientation>horizontal</orientation>
        <control type="image" description="Rating">
          <visible>!IsEmpty(ListItem.StarRating)</visible>
          <posx>1590</posx>
          <posy>0</posy>
          <include>MusicRating</include>
        </control>
        <control type="label" description="Media details">
          <visible>container.content(addons)</visible>
          <height>24</height>
          <width>195</width>
          <font>size27</font>
          <align>right</align>
          <textcolor>Silver</textcolor>
          <label>$INFO[ListItem.Label2]</label>
        </control>
      </control>
      <control type="image" description="shade">
	  <posy>100</posy>
        <width>1920</width>
        <height>1080</height>
        <texture>shades/iconvshade.png</texture>
      </control>
      <control type="scrollbar" id="60">
        <posx>45r</posx>
        <posy>219</posy>
        <height>660</height>
        <onleft>53</onleft>
        <onright>9000</onright>
      </control>
    </control>

	<!--SIO2-->
	<control type="group" description="sio2view">
      <visible>Control.IsVisible(52)</visible>
      <control type="image">
        <include>Fanart_Fade</include>
        <posx></posx>
        <posy></posy>
        <width>1920</width>
        <height>1080</height>
        <info>ListItem.Art(fanart)</info>
        <colordiffuse>50DDFFDD</colordiffuse>
        <aspectratio align="left">scale</aspectratio>
      </control>
      <control type="image">
        <include>Dimensions_Fullscreen</include>
        <texture>images/sio2right.png</texture>
		<colordiffuse>AAFFFFFF</colordiffuse>
      </control>
      <control type="fixedlist" id="52">
        <visible>!Container.Content(songs)</visible>
        <posx>60</posx>
        <posy>130</posy>
        <visible>!container.content(Sets)</visible>
        <visible>!IsEmpty(Container.FolderPath)</visible>
        <width>1820</width>
        <height>810</height>
        <onleft condition="!Skin.HasSetting(ViewsMenuOff)">9000</onleft>
        <onleft condition="Skin.HasSetting(ViewsMenuOff)">-</onleft>
        <onright condition="!Skin.HasSetting(Scrollbars_Passive)">60</onright>
        <onright condition="Skin.HasSetting(Scrollbars_Passive)">-</onright>
        <onup>52</onup>
        <ondown>52</ondown>
        <pagecontrol>60</pagecontrol>
        <viewtype label="Sio2View">Sio2View</viewtype>
        <focusposition>2</focusposition>
        <preloaditems>4</preloaditems>
        <scrolltime>250</scrolltime>
        <itemlayout height="160">
          <control type="image">
            <posx>1680</posx>
			<posy>20</posy>
            <width>108</width>
            <height>108</height>
            <texture>$VAR[Locandine]</texture>
			<aspectratio align="right">scale</aspectratio>
          </control>
		  <control type="textbox">
            <posx>1310</posx>
			<posy>20</posy>
            <width>340</width>
            <height>140</height>
            <font>Size24B</font>
            <textcolor>Grey3</textcolor>
            <align>right</align>
            <label>$INFO[ListItem.label]</label>
          </control>
			<control type="image">
            <posx>1280</posx>
            <width>440</width>
            <height>1</height>
            <texture>images/linel.png</texture>
          
          </control>
        </itemlayout>
        <focusedlayout height="160">
		<control type="image">
		<animation effect="fade" end="0" time="30">UnFocus</animation>
            <posx>1280</posx>
            <width>510</width>
            <height>160</height>
            <texture>images/white2.png</texture>
			<colordiffuse>335555FF</colordiffuse>
          </control>
          <control type="image">
            <posx>1680</posx>
			<posy>20</posy>
            <width>108</width>
            <height>108</height>
            <texture>$VAR[Locandine]</texture>
			<aspectratio align="right">scale</aspectratio>
          </control>
		  <control type="textbox">
            <posx>1310</posx>
			<posy>20</posy>
            <width>340</width>
            <height>140</height>
            <font>Size24B</font>
            <textcolor>White</textcolor>
            <align>right</align>
            <label>$INFO[ListItem.label]</label>
          </control>
			<control type="image">
            <posx>1280</posx>
            <width>440</width>
            <height>1</height>
            <texture>images/linel.png</texture>
          </control>
        </focusedlayout>
      </control>
      <control type="label">
        <posx>100</posx>
        <posy>42</posy>
        <width>1140</width>
        <height>80</height>
        <font>Size42B</font>
        <textcolor>Yellow</textcolor>
        <align>center</align>
        <label>$INFO[ListItem.label]</label>
      </control>
	  <control type="textbox">
        <posx>240</posx>
        <posy>110</posy>
        <width>860</width>
        <height>50</height>
        <font>Size20</font>
        <textcolor>Silver</textcolor>
        <align>center</align>
        <label>$INFO[ListItem.Tagline]</label>
	  </control>
	  <control type="grouplist" description="detailedinfos">
	  <posx>60</posx>
	  <posy>200</posy>
	  <height>600</height>
	  <width>750</width>
	  <itemgap>10</itemgap>
	  <control type="label">
	  <visible>!Container.Content(Albums) + !IsEmpty(ListItem.Property(Artist_Born))</visible>
        <width>700</width>
        <height>20</height>
        <font>Size20</font>
        <textcolor>Grey3</textcolor>
        <align>right</align>
        <label>$LOCALIZE[21893]: [COLOR Silver][B]$INFO[ListItem.Property(Artist_Born)][/B][/COLOR]</label>
	  </control>
	  <control type="label">
	  <visible>!Container.Content(Albums) + !IsEmpty(ListItem.Property(Artist_Died))</visible>
        <width>700</width>
        <height>20</height>
        <font>Size20</font>
        <textcolor>Grey3</textcolor>
        <align>right</align>
        <label>$LOCALIZE[21897]: [COLOR Silver][B]$INFO[ListItem.Property(Artist_Died)][/B][/COLOR]</label>
	  </control>
	  <control type="label">
	  <visible>!Container.Content(Albums) + !IsEmpty(ListItem.Property(Artist_Formed))</visible>
        <width>700</width>
        <height>20</height>
        <font>Size20</font>
        <textcolor>Grey3</textcolor>
        <align>right</align>
        <label>$LOCALIZE[21894]: [COLOR Silver][B]$INFO[ListItem.Property(Artist_Formed)][/B][/COLOR]</label>
	  </control>
	  <control type="label">
	  <visible>!Container.Content(Albums) + !IsEmpty(ListItem.Property(Artist_Disbanded))</visible>
        <width>700</width>
        <height>20</height>
        <font>Size20</font>
        <textcolor>Grey3</textcolor>
        <align>right</align>
        <label>$LOCALIZE[21896]: [COLOR Silver][B]$INFO[ListItem.Property(Artist_Disbanded)][/B][/COLOR]</label>
	  </control>
	  <control type="label">
	  <visible>!Container.Content(Artists)</visible>
        <width>700</width>
        <height>20</height>
        <font>Size20</font>
        <textcolor>Grey3</textcolor>
        <align>right</align>
        <label>$LOCALIZE[345]: [COLOR Silver][B]$INFO[ListItem.Year][/B][/COLOR]</label>
	  </control>
	  <control type="textbox">
        <width>700</width>
        <height>80</height>
        <font>Size20</font>
        <textcolor>Grey3</textcolor>
        <align>right</align>
		<autoscroll>false</autoscroll>
        <label>$LOCALIZE[515] / $LOCALIZE[176]: [COLOR Silver][B]$INFO[ListItem.Property(Artist_Style)]$INFO[ListItem.Property(Album_Style)][/B][/COLOR]</label>
	  </control>
	  <control type="textbox">
        <width>700</width>
        <height>80</height>
        <font>Size20</font>
        <textcolor>Grey3</textcolor>
        <align>right</align>
		<autoscroll>false</autoscroll>
        <label>$LOCALIZE[175]: [COLOR Silver][B]$INFO[ListItem.Property(Artist_Mood)]$INFO[ListItem.Property(Album_Mood)][/B][/COLOR]</label>
	  </control>
	  <control type="label">
	  <visible>!Container.Content(Artists)</visible>
        <width>700</width>
        <height>20</height>
        <font>Size20</font>
        <textcolor>Grey3</textcolor>
        <align>right</align>
        <label>$LOCALIZE[21899]: [COLOR Silver][B]$INFO[ListItem.Property(Album_Label)][/B][/COLOR]</label>
	  </control>
	  <control type="label">
	  <visible>Container.Content(Artists)</visible>
        <width>700</width>
        <height>20</height>
        <font>Size20</font>
        <textcolor>Grey3</textcolor>
        <align>right</align>
        <label>$LOCALIZE[21892]: [COLOR Silver][B]$INFO[ListItem.Property(Artist_Instrument)][/B][/COLOR]</label>
	  </control>
	  <control type="label">
        <width>700</width>
        <height>20</height>
        <font>Size20</font>
        <textcolor>Grey3</textcolor>
        <align>right</align>
        <label>$LOCALIZE[564]: [COLOR Silver][B]$INFO[ListItem.Property(Album_Type)][/B][/COLOR]</label>
	  </control>
	  <control type="textbox">
        <width>700</width>
        <height>60</height>
        <font>Size20</font>
        <textcolor>Grey3</textcolor>
        <align>right</align>
        <label>$LOCALIZE[21895]: [COLOR Silver][B]$INFO[ListItem.Property(Album_Theme)][/B][/COLOR]</label>
	  </control>
	  <control type="label">
	  <visible>!IsEmpty(ListItem.PlayCount)</visible>
        <width>700</width>
        <height>20</height>
        <font>Size20</font>
        <textcolor>Grey3</textcolor>
        <align>right</align>
        <label>$LOCALIZE[576]: [COLOR Silver][B]$INFO[ListItem.PlayCount][/B][/COLOR]</label>
	  </control>
	  <control type="label">
	  <visible>!IsEmpty(ListItem.PlayCount)</visible>
        <width>700</width>
        <height>20</height>
        <font>Size20</font>
        <textcolor>Grey3</textcolor>
        <align>right</align>
        <label>$LOCALIZE[568]: [COLOR Silver][B]$INFO[ListItem.LastPlayed][/B][/COLOR]</label>
	  </control>
	  <control type="label">
        <width>700</width>
        <height>20</height>
        <font>Size20</font>
        <textcolor>Grey3</textcolor>
        <align>right</align>
        <label>$LOCALIZE[582]: [COLOR Silver][B]$INFO[Container.Viewmode][/B][/COLOR]</label>
	  </control>
	  </control>
	  <control type="grouplist" description="flags">
	  <posx>60</posx>
	  <posy>540</posy>
	  <height>600</height>
	  <width>810</width>
	  <itemgap>10</itemgap>
	  <orientation>horizontal</orientation>
	  <align>right</align>
	  <control type="image">
	   <animation condition="![Container(52).OnNext | Container(52).OnPrevious]" effect="slide" start="-900" end="0" time="200" delay="2650" tween="sine">Conditional</animation>
              <height>50</height>
              <width>130</width>
              <bordersize>3</bordersize>
              <aspectratio>keep</aspectratio>
              <colordiffuse>Silver</colordiffuse>
              <texture>$INFO[ListItem.VideoResolution,badges/video/,.png]</texture>
            </control>
            <control type="image">
              <visible>!IsEmpty(ListItem.VideoCodec)</visible>
			  <animation condition="![Container(52).OnNext | Container(52).OnPrevious]" effect="slide" start="-900" end="0" time="200" delay="2530" tween="sine">Conditional</animation>
              <height>50</height>
              <width>130</width>
              <bordersize>3</bordersize>
              <aspectratio>keep</aspectratio>
              <colordiffuse>Silver</colordiffuse>
              <texture>$INFO[ListItem.VideoCodec,badges/video/,.png]</texture>
            </control>
            <control type="image">
              <visible>!IsEmpty(ListItem.AudioChannels)</visible>
			  <animation condition="![Container(52).OnNext | Container(52).OnPrevious]" effect="slide" start="-900" end="0" time="200" delay="2380" tween="sine">Conditional</animation>
              <height>50</height>
              <width>130</width>
              <bordersize>3</bordersize>
              <aspectratio>keep</aspectratio>
              <colordiffuse>Silver</colordiffuse>
              <texture>$INFO[ListItem.AudioChannels,badges/channels,.png]</texture>
            </control>
            <control type="image">
              <visible>!IsEmpty(ListItem.AudioCodec)</visible>
			  <animation condition="![Container(52).OnNext | Container(52).OnPrevious]" effect="slide" start="-900" end="0" time="200" delay="2200" tween="sine">Conditional</animation>
              <height>50</height>
              <width>130</width>
              <bordersize>3</bordersize>
              <aspectratio>keep</aspectratio>
              <colordiffuse>Silver</colordiffuse>
              <texture>$INFO[ListItem.AudioCodec,badges/audio/,.png]</texture>
            </control>
            <control type="image">
			<visible>!IsEmpty(ListItem.FileExtension)</visible>
			<animation condition="![Container(52).OnNext | Container(52).OnPrevious]" effect="slide" start="-900" end="0" time="200" delay="2000" tween="sine">Conditional</animation>
              <height>50</height>
              <width>130</width>
              <bordersize>3</bordersize>
              <aspectratio>keep</aspectratio>
              <colordiffuse>Silver</colordiffuse>
              <texture>$INFO[ListItem.FileExtension,badges/video/,.png]</texture>
            </control>
			</control>
      <control type="textbox" description="plots">
        <posx>140</posx>
        <posy>600</posy>
        <width>1060</width>
        <height>420</height>
        <align>justify</align>
        <label>$VAR[Plots]</label>
      </control>
      <control type="group" description="icon+overlay">
        <posx>800</posx>
          <posy>180</posy>
		<control type="image">
          <height>380</height>
          <width>420</width>
          <texture>$VAR[Locandine]</texture>
          <aspectratio>scale</aspectratio>
        </control>
      </control>
	   
      <control type="image">
        <posx>1340</posx>
		<posy>-100</posy>
        <height>1280</height>
        <width>1</width>
        <texture>images/linev.png</texture>
      </control>
      <control type="image">
        <posy>600</posy>
        <height>1</height>
        <width>1340</width>
        <texture>images/liner.png</texture>
      </control>
	  <control type="group">
	   <control type="image">
        <visible>Container(52).OnNext | Container(52).OnPrevious | [IsEmpty(ListItem.Property(Album_Description)) + IsEmpty(ListItem.Property(Artist_Description))] </visible>
		<animation effect="slide" end="-1340,0" time="500" delay="1500" reversible="false">Hidden</animation>
        <width>1340</width>
        <height>1080</height>
        <texture>images/black.png</texture>
      </control>
      <control type="image">
	  <visible>[Container(52).OnNext | Container(52).OnPrevious] | [IsEmpty(ListItem.Property(Album_Description)) + IsEmpty(ListItem.Property(Artist_Description))]</visible>
        <fadetime>200</fadetime>
		<animation effect="slide" end="-1340,0" time="500" delay="1500" reversible="false">Hidden</animation>
        <width>1340</width>
        <height>1080</height>
        <texture background="true">$VAR[fanart]</texture>
        <aspectratio align="left">scale</aspectratio>
      </control>
	  </control>
      <control type="scrollbar" id="60">
        <posx>50r</posx>
        <posy>120</posy>
        <height>820</height>
        <onleft>50</onleft>
        <onright>-</onright>
      </control>
    </control>
	<control type="label">
      <description>Page Count Label</description>
      <posx>40r</posx>
      <posy>50r</posy>
      <width>500</width>
      <height>20</height>
      <font>font12</font>
      <textcolor>Grey</textcolor>
      <scroll>false</scroll>
      <align>right</align>
      <aligny>center</aligny>
      <label>$LOCALIZE[31000] ([COLOR=White]$INFO[Container.CurrentPage]/$INFO[Container.NumPages][/COLOR])</label>
    </control>
	<!-- FANART -->
	<control type="group" description="Musiclay">
	<posy>40</posy>
	<visible>Control.IsVisible(500)</visible>
        <include>VisibleFade</include>
                <control type="label">
                  <width>1920</width>
                  <align>center</align>
                  <label>$INFO[ListItem.Label]</label>
                  <font>size42B</font>
                </control>
                <control type="image" description="fanart">
                  <posx>50</posx>
                  <posy>80</posy>
                  <width>1080</width>
                  <height>500</height>
                  <texture background="true">$INFO[ListItem.Art(fanart)]</texture>
                  <aspectratio aligny="top">scale</aspectratio>
                </control>
                <control type="textbox" id="807">
                  <posx>1160</posx>
                  <posy>80</posy>
                  <width>700</width>
                  <height>580</height>
                  <align>justify</align>
                  <font>size27</font>
                  <label>$INFO[ListItem.Property(Album_Description)]</label>
                </control>
				<control type="image">
                  <posx>1160</posx>
                  <posy>80</posy>
                  <width>700</width>
                  <height>580</height>
                  <texture border="0,20,0,20">images/listfade.png</texture>
                </control>
			  <control type="image">
			  <posx>1130</posx>
			  <posy>80</posy>
			  <width>800</width>
			  <height>1</height>
			  <texture>images/linel.png</texture>
              </control>
			  <control type="image">
			  <posx>560</posx>
			  <posy>660</posy>
			  <width>1360</width>
			  <height>1</height>
			  <texture>images/liner.png</texture>
              </control>
   <control type="wraplist" id="500">
		  <visible>Container.content(Albums) | Container.content(Artists)</visible>
		  <viewtype label="Fanart">Fanart</viewtype>
        <onup>9000</onup>
        <ondown condition="!Skin.HasSetting(Scrollbars_Passive)">60</ondown>
        <ondown>-</ondown>
        <onleft>500</onleft>
        <onright>500</onright>
            <posx>70</posx>
            <posy>60</posy>
            <width>1800</width>
            <height>1000</height>
            <orientation>horizontal</orientation>
            <onleft>-</onleft>
            <onright>-</onright>
            <onup>-</onup>
            <ondown>222</ondown>
            <preloaditems>2</preloaditems>
            <pagecontrol>60</pagecontrol>
            <scrolltime tween="sine" easing="inout">280</scrolltime>
            <itemlayout width="300">
              <control type="group">
                <posy>620</posy>
                <control type="image" description="THUMBNAIL">
                  <posx>10</posx>
                  <posy>10</posy>
                  <height>280</height>
                  <width>280</width>
                  <texture background="true" fallback="DefaultAlbumCover.png">$INFO[ListItem.thumb]</texture>
                  <aspectratio>stretch</aspectratio>
                </control>
              </control>
            </itemlayout>
            <focusedlayout width="300">
              <control type="group">
                <animation effect="zoom" start="100" end="150" center="10,910" time="250" tween="Quadratic" easing="in">Focus</animation>
                <animation effect="zoom" start="150" end="100" center="10,910" time="60">unFocus</animation>
                <posy>620</posy>
                <control type="image" description="Black">
                  <posx>1</posx>
                  <posy>1</posy>
                  <height>298</height>
                  <width>298</width>
                  <texture background="true">images/black.png</texture>
                  <aspectratio>stretch</aspectratio>
                </control>
                <control type="image" description="White">
                  <animation effect ="fade" start="100" end="0" time="10">unFocus</animation>
                  <posx>8</posx>
                  <posy>8</posy>
                  <height>284</height>
                  <width>284</width>
                  <texture background="true">images/white.png</texture>
                  <aspectratio>stretch</aspectratio>
                  <colordiffuse>FFFFFFFF</colordiffuse>
                </control>
                <control type="image" description="THUMBNAIL">
                  <posx>10</posx>
                  <posy>10</posy>
                  <height>280</height>
                  <width>280</width>
                  <texture background="true" fallback="DefaultAlbumCover.png">$INFO[ListItem.thumb]</texture>
                  <aspectratio>stretch</aspectratio>
                </control>
              </control>
            </focusedlayout>
			</control>
			 <control type="scrollbar" id="60">
        <animation effect="fade" delay="200" time="300">VisibleChange</animation>
        <posx>198</posx>
        <posy>998</posy>
        <width>1525</width>
        <height>9</height>
        <onup>500</onup>
        <ondown>500</ondown>
        <orientation>horizontal</orientation>
        <texturesliderbackground border="6">scrollbar/hscrollbarbg.png</texturesliderbackground>
        <texturesliderbar border="6">scrollbar/hscrollernf.png</texturesliderbar>
        <texturesliderbarfocus border="6">scrollbar/hscrollerfo.png</texturesliderbarfocus>
        <showonepage>false</showonepage>
      </control>
			</control>
			
  </include>
</includes>
