﻿<window id="25">
  <defaultcontrol always="true">52</defaultcontrol>
  <allowoverlay>no</allowoverlay>
  <views>52,51,50,53,55,500</views>
  <backgroundcolor>FFD9D9D9</backgroundcolor>
  <include>OpenClose</include>
  <controls>
    <include>Videoviews</include>
    <control type="group" description="Side menu 9000 group">
      <visible allowhiddenfocus="true">ControlGroup(9000).HasFocus()</visible>
      <include>DialogOpenCloseVisible</include>
      <control type="image" description="List back">
        <posx>540</posx>
        <posy>105</posy>
        <width>840</width>
        <height>870</height>
        <aspectratio>stretch</aspectratio>
        <texture border="150">images/dialog.png</texture>
      </control>
      <control type="grouplist" id="9000">
        <include>DialogGLs</include>
        <control type="button" id="2" description="Views">
          <texturenofocus>-</texturenofocus>
          <include>DialogButt</include>
        </control>
        <control type="togglebutton" id="14" description="Toggle Watched">
          <include>DialogButt</include>
          <label>$LOCALIZE[535]: $LOCALIZE[16100]</label>
          <altlabel>$LOCALIZE[535]: $LOCALIZE[16101]</altlabel>
        </control>
        <control type="radiobutton" id="20" description="Filter">
          <enable>Container.CanFilterAdvanced</enable>
          <include>DialogButt</include>
          <onclick>Filter</onclick>
          <label>587</label>
        </control>
        <control type="button" id="3" description="Sort">
          <include>DialogButt</include>
        </control>
		<control type="togglebutton" id="4" description="SortOrder">
          <include>DialogButt</include>
		  <label>584</label>
		  <altlabel>585</altlabel>
		  <usealttexture>Container.SortDirection(Ascending)</usealttexture>
        </control>
        <control type="button" id="8" description="search">
          <include>DialogButt</include>
          <label>137</label>
        </control>
        <control type="button" id="698" description="Browse files">
          <include>DialogButt</include>
          <label>$LOCALIZE[1024] $LOCALIZE[744]</label>
          <onclick>ActivateWindow(Videos,files)</onclick>
        </control>
        <control type="togglebutton" id="699" description="Playing">
          <enable>Player.HasMedia</enable>
          <include>DialogButt</include>
          <label>$LOCALIZE[16003]</label>
          <altlabel>$LOCALIZE[31055]</altlabel>
          <usealttexture>Player.HasMedia</usealttexture>
          <onclick>fullscreen</onclick>
          <altclick>fullscreen</altclick>
        </control>
      </control>
    </control>
    <control type="group">
      <include>WindowsTopInfos</include>
    </control>
  </controls>
</window>
