<window id="2901">
  <defaultcontrol always="true">100</defaultcontrol>
  <allowoverlay>yes</allowoverlay>
  <zorder>2</zorder>
  <controls>
  <control type="group">
  <animation condition="SubString(Player.Folderpath,3DMovies)" effect="zoom" end="50,100">Conditional</animation>
    <control type="group" id="101" description="Options content">
      <visible>!Window.IsVisible(10123) + !Window.IsVisible(10124) + !Window.IsVisible(10125)</visible>
      <posx>630</posx>
      <posy>865</posy>
      <animation type="Focus">
        <effect type="slide" tween="Cubic" easing="out" start="0,0" end="0,-800" time="800" />
      </animation>
      <animation type="Unfocus">
        <effect type="slide" tween="Cubic" easing="in" start="0,-800" end="0,0" time="500" />
      </animation>
      <control type="image">
        <posx>430</posx>
        <posy>66</posy>
        <width>900</width>
        <height>780</height>
        <aspectratio>stretch</aspectratio>
        <texture border="150">images/dialog.png</texture>
      </control>
      <control type="grouplist" id="101" description="OSD Options">
        <posx>600</posx>
        <posy>246</posy>
        <width>720</width>
        <height>720</height>
        <itemgap>0</itemgap>
        <onleft>100</onleft>
        <onright>100</onright>
        <onup>101</onup>
        <ondown>101</ondown>
        <scrolltime>240</scrolltime>
        <control type="togglebutton" id="701" description="Subtitles">
          <include>DialogButt</include>
          <label>$LOCALIZE[33003] $LOCALIZE[287]</label>
          <onclick>SetFocus(100)</onclick>
          <onclick>Close</onclick>
          <onclick>XBMC.RunScript($INFO[Skin.String(SubtitleScript_Path)])</onclick>
          <altclick>Skin.SetAddon(SubtitleScript_Path,xbmc.python.subtitles)</altclick>
          <altclick>Close</altclick>
          <altclick>XBMC.RunScript($INFO[Skin.String(SubtitleScript_Path)])</altclick>
          <usealttexture>IsEmpty(Skin.String(SubtitleScript_Path))</usealttexture>
        </control>
        <control type="button" id="703">
          <include>DialogButt</include>
          <label>13395</label>
          <onclick>ActivateWindow(OSDVideoSettings)</onclick>
        </control>
        <control type="button" id="704">
          <include>DialogButt</include>
          <label>$LOCALIZE[292] &amp; $LOCALIZE[287]</label>
          <onclick>ActivateWindow(OSDAudioSettings)</onclick>
        </control>
        <control type="button" id="705">
          <include>DialogButt</include>
          <label>298</label>
          <onclick>ActivateWindow(VideoBookmarks)</onclick>
        </control>
        <control type="togglebutton" id="706" description="Info">
          <include>DialogButt</include>
          <label>20176</label>
          <onclick>close</onclick>
          <onclick>ActivateWindow(142)</onclick>
          <altclick>close</altclick>
          <altclick>Dialog.Close(142)</altclick>
          <usealttexture>Window.IsActive(142)</usealttexture>
        </control>
        <control type="button" id="707">
          <include>DialogButt</include>
          <label>21445</label>
          <onclick>CodecInfo</onclick>
        </control>
        <control type="button" id="708">
          <include>DialogButt</include>
          <label>25003</label>
          <onclick>PlayerControl(ShowVideoMenu)</onclick>
          <enable>VideoPlayer.HasMenu</enable>
          <animation effect="fade" start="100" end="50" time="100" condition="!VideoPlayer.HasMenu">Conditional</animation>
        </control>
      </control>
    </control>
    <control type="group">
      <visible>![Window.IsActive(DialogSelect.xml) | Window.IsActive(SliderDialog) | Window.IsActive(OSDVideoSettings) | Window.IsActive(OSDAudioSettings) | Window.IsActive(VideoBookmarks) | Window.IsActive(script-XBMC-Subtitles-main.xml)]</visible>
      <animation effect="fade" end="100" time="400">Visible</animation>
      <animation effect="fade" end="0" time="100">Hidden</animation>
      <posx>0</posx>
      <posy>0</posy>
      <control type="group">
        <control type="group" description="Dialog Background">
          <visible>Window.IsVisible(videoosd.xml) + Window.IsActive(dialogseekbar.xml)</visible>
          <control type="image">
            <posx>35</posx>
            <posy>873</posy>
            <width>1850</width>
            <height>150</height>
            <aspectratio>stretch</aspectratio>
            <texture border="70">seekbar/osdbackground.png</texture>
          </control>
        </control>
        <control type="label" description="Title">
          <posx>120</posx>
          <posy>880</posy>
          <height>60</height>
          <width>840</width>
          <scroll>true</scroll>
          <font>size33B</font>
          <textcolor>Yellow</textcolor>
          <shadowcolor>Black</shadowcolor>
          <label>[B]$INFO[VideoPlayer.Title][/B]</label>
        </control>
        <control type="group" description="Cover">
          <camera x="1720" y="720" />
          <animation effect="fade" start="0" end="100" time="600">VisibleChange</animation>
          <animation effect="rotatey" end="20" center="1720,0" reversible="false" condition="true">Conditional</animation>
          <visible>!ControlGroup(101).HasFocus()</visible>
          <posx>1610</posx>
          <posy>600</posy>
          <control type="image" description="CoverReal">
            <height>300</height>
            <width>220</width>
            <aspectratio>keep</aspectratio>
            <texture diffuse="images/diffuse.png">$INFO[VideoPlayer.Cover]</texture>
          </control>
          <control type="image" description="CoverReal">
            <height>300</height>
            <width>220</width>
            <aspectratio>keep</aspectratio>
            <texture diffuse="images/diffuse.png">$INFO[Player.Art(poster)]</texture>
          </control>
          <control type="image" description="CoverRef">
            <posy>300</posy>
            <height>300</height>
            <width>220</width>
            <aspectratio>keep</aspectratio>
            <texture flipy="true" diffuse="images/reflection.png">$INFO[Player.Art(poster)]</texture>
          </control>
          <control type="image" description="CoverReal">
            <height>300</height>
            <width>220</width>
            <aspectratio>keep</aspectratio>
            <texture diffuse="images/diffuse.png">$INFO[Player.Art(tvshow.poster)]</texture>
          </control>
          <control type="image" description="CoverRef">
            <posy>300</posy>
            <height>300</height>
            <width>220</width>
            <aspectratio>keep</aspectratio>
            <texture flipy="true" diffuse="images/reflection.png">$INFO[Player.Art(tvshow.poster)]</texture>
          </control>
          <control type="label" description="Episode">
            <visible>VideoPlayer.Content(Episodes)</visible>
            <posx>190</posx>
            <posy>290</posy>
            <height>60</height>
            <width>220</width>
            <scroll>false</scroll>
            <font>size24</font>
            <align>right</align>
            <textcolor>Yellow</textcolor>
            <shadowcolor>Black</shadowcolor>
            <label>[B]S $INFO[VideoPlayer.Season] E $INFO[VideoPlayer.Episode][/B]</label>
          </control>
          <control type="label" description="Channel">
            <visible>Pvr.IsPlayingTV</visible>
            <posx>190</posx>
            <posy>290</posy>
            <height>60</height>
            <width>220</width>
            <scroll>false</scroll>
            <font>size24</font>
            <align>right</align>
            <textcolor>Yellow</textcolor>
            <shadowcolor>Black</shadowcolor>
            <label>($INFO[VideoPlayer.ChannelNumber])  -  $INFO[VideoPlayer.ChannelName]</label>
          </control>
        </control>
      </control>
      <control type="list" id="100">
        <posx>1000</posx>
        <posy>220r</posy>
        <onright>100</onright>
        <onleft>100</onleft>
        <onup>101</onup>
        <ondown>101</ondown>
        <width>700</width>
        <height>100</height>
        <align>center</align>
        <orientation>horizontal</orientation>
        <itemlayout width="90">
          <control type="image">
            <width>90</width>
            <height>98</height>
            <texture>$INFO[ListItem.thumb]</texture>
          </control>
        </itemlayout>
        <focusedlayout width="90">
          <control type="image">
            <width>90</width>
            <height>98</height>
            <texture>$INFO[ListItem.label]</texture>
          </control>
        </focusedlayout>
        <content>
          <item id="7">
            <visible>!Pvr.IsPlayingTV</visible>
            <thumb>seekbar/osdpreviousnf.png</thumb>
            <label>seekbar/osdpreviousfo.png</label>
            <onclick>PlayerControl(Previous)</onclick>
          </item>
          <item id="10">
            <visible>Pvr.IsPlayingTV</visible>
            <thumb>seekbar/osdupnf.png</thumb>
            <label>seekbar/osdupfo.png</label>
            <onclick>PlayerControl(Previous)</onclick>
          </item>
          <item id="11">
            <visible>Pvr.IsPlayingTV</visible>
            <thumb>seekbar/osddownnf.png</thumb>
            <label>seekbar/osddownfo.png</label>
            <onclick>PlayerControl(Next)</onclick>
          </item>
          <item id="1">
            <visible>!Pvr.IsPlayingTV</visible>
            <thumb>seekbar/osdrwnf.png</thumb>
            <label>seekbar/osdrwfo.png</label>
            <onclick>PlayerControl(Rewind)</onclick>
          </item>
          <item id="0">
            <visible>!Player.Paused + !Player.Forwarding + !Player.Rewinding + !Pvr.IsPlayingTV</visible>
            <thumb>seekbar/osdpausenf.png</thumb>
            <label>seekbar/osdpausefo.png</label>
            <onclick>PlayerControl(Play)</onclick>
          </item>
          <item id="0">
            <visible>Player.Paused | Player.Forwarding | Player.Rewinding + !Pvr.IsPlayingTV</visible>
            <thumb>seekbar/osdplaynf.png</thumb>
            <label>seekbar/osdplayfo.png</label>
            <onclick>PlayerControl(Play)</onclick>
          </item>
          <item id="4">
            <thumb>seekbar/osdstopnf.png</thumb>
            <label>seekbar/osdstopfo.png</label>
            <onclick>PlayerControl(Stop)</onclick>
          </item>
          <item id="0">
            <visible>Pvr.IsPlayingTv</visible>
            <thumb>seekbar/osdchnnf.png</thumb>
            <label>seekbar/osdchnfo.png</label>
            <onclick>XBMC.ActivateWindow(PVROSDChannels)</onclick>
          </item>
          <item id="16">
            <visible>Pvr.IsPlayingTv</visible>
            <thumb>seekbar/osdpvrnf.png</thumb>
            <label>seekbar/osdpvrfo.png</label>
            <onclick>XBMC.ActivateWindow(PVROSDGuide)</onclick>
          </item>
          <item id="15">
            <visible>Pvr.IsPlayingTv</visible>
            <thumb>seekbar/osdtxtnf.png</thumb>
            <label>seekbar/osdtxtfo.png</label>
            <onclick>XBMC.ActivateWindow(Teletext)</onclick>
          </item>
          <item id="5">
            <visible>!Pvr.IsPlayingTV</visible>
            <thumb>seekbar/osdfwnf.png</thumb>
            <label>seekbar/osdfwfo.png</label>
            <onclick>PlayerControl(Forward)</onclick>
          </item>
          <item id="6">
            <visible>!Pvr.IsPlayingTV</visible>
            <thumb>seekbar/osdnextnf.png</thumb>
            <label>seekbar/osdnextfo.png</label>
            <onclick>PlayerControl(Next)</onclick>
          </item>
          <item id="8">
            <visible>Player.CanRecord + !Pvr.IsRecording</visible>
            <thumb>seekbar/osdrecnf.png</thumb>
            <label>seekbar/osdrecfo.png</label>
            <onclick>PlayerControl(Record)</onclick>
          </item>
          <item id="8">
            <visible>Player.CanRecord + Pvr.IsRecording</visible>
            <thumb>seekbar/osdreconnf.png</thumb>
            <label>seekbar/osdreconfo.png</label>
            <onclick>PlayerControl(Record)</onclick>
          </item>
        </content>
      </control>
    </control>
    <control type="image">
      <visible>!ControlGroup(101).HasFocus()</visible>
	  <visible>!Window.IsVisible(10123) + !Window.IsVisible(10124) + !Window.IsVisible(10125)</visible>
      <animation type="Visible">
        <effect type="fade" tween="circle" easing="in" start="0" end="100" time="800" />
      </animation>
      <posx>1500</posx>
      <posy>1030</posy>
      <width>48</width>
      <height>48</height>
      <texture>images/dialogpull.png</texture>
    </control>
	</control>
	<!-- 3D -->
	<control type="group">
	<visible>SubString(Player.Folderpath,3DMovies)</visible>
	<animation type="Conditional" condition="SubString(Player.Folderpath,3DMovies)">
 <effect type="slide" end="960,0"/>
 <effect type="zoom" end="50,100"/>
</animation>
    <control type="group" id="101" description="Options content">
      <visible>!Window.IsVisible(10123) + !Window.IsVisible(10124) + !Window.IsVisible(10125)</visible>
      <posx>630</posx>
      <posy>865</posy>
      <animation type="Focus">
        <effect type="slide" tween="Cubic" easing="out" start="0,0" end="0,-850" time="800" />
      </animation>
      <animation type="Unfocus">
        <effect type="slide" tween="Cubic" easing="in" start="0,-850" end="0,0" time="500" />
      </animation>
      <control type="image">
        <posx>430</posx>
        <posy>66</posy>
        <width>900</width>
        <height>900</height>
        <aspectratio>stretch</aspectratio>
        <texture border="150">images/dialog.png</texture>
      </control>
      <control type="grouplist" description="OSD Options">
        <posx>600</posx>
        <posy>246</posy>
        <width>720</width>
        <height>720</height>
        <itemgap>0</itemgap>
        <onleft>100</onleft>
        <onright>100</onright>
        <onup>101</onup>
        <ondown>101</ondown>
        <itemgap>0</itemgap>
        <scrolltime>240</scrolltime>
        <control type="togglebutton" id="701" description="Subtitles">
          <include>DialogButt</include>
          <label>$LOCALIZE[33003] $LOCALIZE[287]</label>
          <onclick>SetFocus(100)</onclick>
          <onclick>Close</onclick>
          <onclick>XBMC.RunScript($INFO[Skin.String(SubtitleScript_Path)])</onclick>
          <onclick>SetFocus(100)</onclick>
          <altclick>Skin.SetAddon(SubtitleScript_Path,xbmc.python.subtitles)</altclick>
          <altclick>Close</altclick>
          <altclick>XBMC.RunScript($INFO[Skin.String(SubtitleScript_Path)])</altclick>
          <usealttexture>IsEmpty(Skin.String(SubtitleScript_Path))</usealttexture>
        </control>
        <control type="button" id="703">
          <include>DialogButt</include>
          <label>13395</label>
          <onclick>ActivateWindow(OSDVideoSettings)</onclick>
        </control>
        <control type="button" id="704">
          <include>DialogButt</include>
          <label>$LOCALIZE[292] &amp; $LOCALIZE[287]</label>
          <onclick>ActivateWindow(OSDAudioSettings)</onclick>
        </control>
        <control type="button" id="705">
          <include>DialogButt</include>
          <label>298</label>
          <onclick>ActivateWindow(VideoBookmarks)</onclick>
        </control>
        <control type="togglebutton" id="706" description="Info">
          <include>DialogButt</include>
          <label>20176</label>
          <onclick>close</onclick>
          <onclick>ActivateWindow(142)</onclick>
          <altclick>close</altclick>
          <altclick>Dialog.Close(142)</altclick>
          <usealttexture>Window.IsActive(142)</usealttexture>
        </control>
        <control type="button" id="707">
          <include>DialogButt</include>
          <label>21445</label>
          <onclick>CodecInfo</onclick>
        </control>
        <control type="button" id="708">
          <include>DialogButt</include>
          <label>25003</label>
          <onclick>PlayerControl(ShowVideoMenu)</onclick>
          <enable>VideoPlayer.HasMenu</enable>
          <animation effect="fade" start="100" end="50" time="100" condition="!VideoPlayer.HasMenu">Conditional</animation>
        </control>
      </control>
    </control>
    <control type="group">
      <visible>![Window.IsActive(DialogSelect.xml) | Window.IsActive(SliderDialog) | Window.IsActive(OSDVideoSettings) | Window.IsActive(OSDAudioSettings) | Window.IsActive(VideoBookmarks) | Window.IsActive(script-XBMC-Subtitles-main.xml)]</visible>
      <animation effect="fade" end="100" time="400">Visible</animation>
      <animation effect="fade" end="0" time="100">Hidden</animation>
      <posx>0</posx>
      <posy>0</posy>
      <control type="group">
        <control type="group" description="Dialog Background">
          <visible>Window.IsVisible(videoosd.xml) + Window.IsActive(dialogseekbar.xml)</visible>
          <control type="image">
            <posx>35</posx>
            <posy>873</posy>
            <width>1850</width>
            <height>150</height>
            <aspectratio>stretch</aspectratio>
            <texture border="70">seekbar/osdbackground.png</texture>
          </control>
        </control>
        <control type="label" description="Title">
          <posx>120</posx>
          <posy>880</posy>
          <height>60</height>
          <width>840</width>
          <scroll>true</scroll>
          <font>size33B</font>
          <textcolor>Yellow</textcolor>
          <shadowcolor>Black</shadowcolor>
          <label>[B]$INFO[VideoPlayer.Title][/B]</label>
        </control>
        <control type="group" description="Cover">
          <camera x="2740" y="720" />
          <animation effect="fade" start="0" end="100" time="600">VisibleChange</animation>
          <animation effect="rotatey" end="20" center="1720,0" reversible="false" condition="true">Conditional</animation>
          <visible>!ControlGroup(101).HasFocus()</visible>
          <posx>1610</posx>
          <posy>600</posy>
          <control type="image" description="CoverReal">
            <height>300</height>
            <width>220</width>
            <aspectratio>keep</aspectratio>
            <texture diffuse="images/diffuse.png">$INFO[VideoPlayer.Cover]</texture>
          </control>
          <control type="image" description="CoverReal">
            <height>300</height>
            <width>220</width>
            <aspectratio>keep</aspectratio>
            <texture diffuse="images/diffuse.png">$INFO[Player.Art(poster)]</texture>
          </control>
          <control type="image" description="CoverRef">
            <posy>300</posy>
            <height>300</height>
            <width>220</width>
            <aspectratio>keep</aspectratio>
            <texture flipy="true" diffuse="images/reflection.png">$INFO[Player.Art(poster)]</texture>
          </control>
          <control type="image" description="CoverReal">
            <height>300</height>
            <width>220</width>
            <aspectratio>keep</aspectratio>
            <texture diffuse="images/diffuse.png">$INFO[Player.Art(tvshow.poster)]</texture>
          </control>
          <control type="image" description="CoverRef">
            <posy>300</posy>
            <height>300</height>
            <width>220</width>
            <aspectratio>keep</aspectratio>
            <texture flipy="true" diffuse="images/reflection.png">$INFO[Player.Art(tvshow.poster)]</texture>
          </control>
          <control type="label" description="Episode">
            <visible>VideoPlayer.Content(Episodes)</visible>
            <posx>190</posx>
            <posy>290</posy>
            <height>60</height>
            <width>220</width>
            <scroll>false</scroll>
            <font>size24</font>
            <align>right</align>
            <textcolor>Yellow</textcolor>
            <shadowcolor>Black</shadowcolor>
            <label>[B]S $INFO[VideoPlayer.Season] E $INFO[VideoPlayer.Episode][/B]</label>
          </control>
          <control type="label" description="Channel">
            <visible>Pvr.IsPlayingTV</visible>
            <posx>190</posx>
            <posy>290</posy>
            <height>60</height>
            <width>220</width>
            <scroll>false</scroll>
            <font>size24</font>
            <align>right</align>
            <textcolor>Yellow</textcolor>
            <shadowcolor>Black</shadowcolor>
            <label>($INFO[VideoPlayer.ChannelNumber])  -  $INFO[VideoPlayer.ChannelName]</label>
          </control>
        </control>
      </control>
      <control type="list" id="100">
        <posx>1000</posx>
        <posy>220r</posy>
        <onright>100</onright>
        <onleft>100</onleft>
        <onup>101</onup>
        <ondown>101</ondown>
        <width>700</width>
        <height>100</height>
        <align>center</align>
        <orientation>horizontal</orientation>
        <itemlayout width="90">
          <control type="image">
            <width>90</width>
            <height>98</height>
            <texture>$INFO[ListItem.thumb]</texture>
          </control>
        </itemlayout>
        <focusedlayout width="90">
          <control type="image">
            <width>90</width>
            <height>98</height>
            <texture>$INFO[ListItem.thumb]</texture>
          </control>
        </focusedlayout>
        <content>
          <item id="7">
            <visible>!Pvr.IsPlayingTV</visible>
            <thumb>seekbar/osdpreviousnf.png</thumb>
            <onclick>PlayerControl(Previous)</onclick>
          </item>
          <item id="10">
            <visible>Pvr.IsPlayingTV</visible>
            <thumb>seekbar/osdupnf.png</thumb>
            <onclick>PlayerControl(Previous)</onclick>
          </item>
          <item id="11">
            <visible>Pvr.IsPlayingTV</visible>
            <thumb>seekbar/osddownnf.png</thumb>
            <onclick>PlayerControl(Next)</onclick>
          </item>
          <item id="1">
            <visible>!Pvr.IsPlayingTV</visible>
            <thumb>seekbar/osdrwnf.png</thumb>
            <onclick>PlayerControl(Rewind)</onclick>
          </item>
          <item id="0">
            <visible>!Player.Paused + !Player.Forwarding + !Player.Rewinding + !Pvr.IsPlayingTV</visible>
            <thumb>seekbar/osdpausenf.png</thumb>
            <onclick>PlayerControl(Play)</onclick>
          </item>
          <item id="0">
            <visible>Player.Paused | Player.Forwarding | Player.Rewinding + !Pvr.IsPlayingTV</visible>
            <thumb>seekbar/osdplaynf.png</thumb>
            <onclick>PlayerControl(Play)</onclick>
          </item>
          <item id="4">
            <thumb>seekbar/osdstopnf.png</thumb>
            <onclick>PlayerControl(Stop)</onclick>
          </item>
          <item id="0">
            <visible>Pvr.IsPlayingTv</visible>
            <thumb>seekbar/osdchnnf.png</thumb>
            <onclick>XBMC.ActivateWindow(PVROSDChannels)</onclick>
          </item>
          <item id="16">
            <visible>Pvr.IsPlayingTv</visible>
            <thumb>seekbar/osdpvrnf.png</thumb>
            <onclick>XBMC.ActivateWindow(PVROSDGuide)</onclick>
          </item>
          <item id="15">
            <visible>Pvr.IsPlayingTv</visible>
            <thumb>seekbar/osdtxtnf.png</thumb>
            <onclick>XBMC.ActivateWindow(Teletext)</onclick>
          </item>
          <item id="5">
            <visible>!Pvr.IsPlayingTV</visible>
            <thumb>seekbar/osdfwnf.png</thumb>
            <onclick>PlayerControl(Forward)</onclick>
          </item>
          <item id="6">
            <visible>!Pvr.IsPlayingTV</visible>
            <thumb>seekbar/osdnextnf.png</thumb>
            <onclick>PlayerControl(Next)</onclick>
          </item>
          <item id="8">
            <visible>Player.CanRecord + !Pvr.IsRecording</visible>
            <thumb>seekbar/osdrecnf.png</thumb>
            <onclick>PlayerControl(Record)</onclick>
          </item>
          <item id="8">
            <visible>Player.CanRecord + Pvr.IsRecording</visible>
            <thumb>seekbar/osdreconnf.png</thumb>
            <onclick>PlayerControl(Record)</onclick>
          </item>
        </content>
      </control>
    </control>
    <control type="image">
      <visible>!ControlGroup(101).HasFocus()</visible>
      <animation type="Visible">
        <effect type="fade" tween="circle" easing="in" start="0" end="100" time="800" />
      </animation>
      <posx>1500</posx>
      <posy>1030</posy>
      <width>48</width>
      <height>48</height>
      <texture>images/dialogpull.png</texture>
    </control>
	</control>
  </controls>
</window>
