<?xml version="1.0" encoding="UTF-8"?>
<window id="122">
  <defaultcontrol always="true">2</defaultcontrol>
  <allowoverlay>yes</allowoverlay>
  <controls>
    <control type="image">
      <animation effect="zoom" start="90" end="100" time="200" center="640,360">WindowOpen</animation>
      <posx>285</posx>
      <posy>0</posy>
      <width>1350</width>
      <height>960</height>
      <texture border="150">images/dialog.png</texture>
    </control>
    <control type="group">
      <animation effect="zoom" start="90" end="100" time="200" center="640,360">WindowOpen</animation>
      <posx>510</posx>
      <posy>150</posy>
      <control type="label" description="Header Label">
        <posx>15</posx>
        <posy>0</posy>
        <width>840</width>
        <label>31004</label>
        <font>size39B</font>
        <align>center</align>
      </control>
      <control type="fixedlist" id="2">
        <description>Preset List</description>
        <posx>15</posx>
        <posy>120</posy>
        <width>870</width>
        <height>483</height>
        <onleft>-</onleft>
        <onright>60</onright>
        <pagecontrol>60</pagecontrol>
        <focusposition>3</focusposition>
        <movement>3</movement>
        <onup>-</onup>
        <ondown>-</ondown>
        <itemlayout height="69">
          <control type="label">
            <posx>30</posx>
            <width>810</width>
            <height>69</height>
            <font>size33</font>
            <info>ListItem.Label</info>
            <scroll>false</scroll>
          </control>
        </itemlayout>
        <focusedlayout height="69">
          <control type="image">
            <visible>!Control.HasFocus(60)</visible>
            <width>870</width>
            <height>69</height>
            <texture border="8">images/buttonselect.png</texture>
          </control>
          <control type="label">
            <posx>30</posx>
            <height>69</height>
            <width>810</width>
            <font>size33</font>
            <info>ListItem.Label</info>
          </control>
        </focusedlayout>
      </control>
    </control>
    <control type="scrollbar" id="60">
      <visible>![Skin.HasSetting(KioskEnabled) + Skin.HasSetting(HideScrollbar)]</visible>
      <animation condition="!Control.HasFocus(60) + !Container.Scrolling" effect="fade" start="100" end="70" time="200" reversible="true">Conditional</animation>
      <animation effect="zoom" start="90" end="100" time="200" center="640,360">WindowOpen</animation>
      <posx>1455</posx>
      <posy>270</posy>
      <height>480</height>
      <onleft>2</onleft>
      <onright>2</onright>
    </control>
  </controls>
</window>
