﻿<window type="dialog" id="1115">
  <defaultcontrol always="true">9000</defaultcontrol>
  <include>DialogOpenClose</include>
  <controls>
    <control type="group">
      <visible allowhiddenfocus="true">ControlGroup(9000).HasFocus()</visible>
      <include>DialogOpenCloseVisible</include>
      <control type="image" description="List back">
        <posx>540</posx>
		<posy>270</posy>
		<width>840</width>
        <height>540</height>
        <aspectratio>stretch</aspectratio>
        <texture border="150">images/dialog.png</texture>
      </control>
      <control type="grouplist" id="9000">
        <include>DialogGLs</include>
        <control type="button" id="701" description="Video">
          <include>DialogButt</include>
          <label>3</label>
          <onclick>Close</onclick>
          <onclick>ActivateWindow(Videos,files)</onclick>
        </control>
        <control type="button" id="702" description="Music">
          <include>DialogButt</include>
          <label>$LOCALIZE[2]</label>
          <onclick>Close</onclick>
          <onclick>ActivateWindow(MusicFiles,root)</onclick>
        </control>



       <control type="button" id="703" description="Browser">
          <include>DialogButt</include>
          <label>7</label>
          <onclick>Close</onclick>
          <onclick>ActivateWindow(3)</onclick>
        </control>


      </control>
    </control>
  </controls>
</window>
