﻿<window id="10140">
  <defaultcontrol always="true">9</defaultcontrol>
  <allowoverlay>no</allowoverlay>
  <include>OpenClose</include>
  <controls>
    <include>BlackBackground</include>
    <control type="image" description="Line top">
      <posy>150</posy>
      <width>1920</width>
      <height>1</height>
      <aspectratio>stretch</aspectratio>
      <texture>images/line.png</texture>
    </control>
    <control type="image" description="Line top">
      <posy>80</posy>
      <width>1920</width>
      <height>1</height>
      <aspectratio>stretch</aspectratio>
      <texture>images/line.png</texture>
    </control>
    <control type="image" description="Line bott">
      <posy>1002</posy>
      <width>1920</width>
      <height>1</height>
      <aspectratio>stretch</aspectratio>
      <texture>images/line.png</texture>
    </control>
    <control type="label" description="Heading">
      <include>Heading</include>
      <label>1045</label>
    </control>
    <control type="grouplist" id="9" description="TopHat">
      <posy>78</posy>
      <width>auto</width>
      <align>center</align>
      <height>80</height>
      <itemgap>9</itemgap>
      <onleft>-</onleft>
      <onright>-</onright>
      <onup>-</onup>
      <ondown>2</ondown>
      <orientation>horizontal</orientation>
    </control>
    <control type="grouplist" id="8999" description="bottomPanel">
      <posy>1000</posy>
      <width>auto</width>
      <align>center</align>
      <height>80</height>
      <itemgap>9</itemgap>
      <onleft>-</onleft>
      <onright>-</onright>
      <onup>2</onup>
      <ondown>9001</ondown>
      <orientation>horizontal</orientation>
      <control type="button" id="10" description="OK">
        <label>186</label>
        <texturenofocus>-</texturenofocus>
        <texturefocus border="5">images/backfocus.png</texturefocus>
      </control>
      <control type="button" id="12" description="Default">
        <label>409</label>
        <texturenofocus>-</texturenofocus>
        <texturefocus border="5">images/backfocus.png</texturefocus>
      </control>
      <control type="button" id="11" description="Cancel">
        <label>222</label>
        <texturenofocus>-</texturenofocus>
        <texturefocus border="5">images/backfocus.png</texturefocus>
      </control>
    </control>
    <control type="button" id="13" description="Button Template">
      <font>size33</font>
      <texturenofocus>-</texturenofocus>
      <texturefocus border="5">images/backfocus.png</texturefocus>
    </control>
    <control type="grouplist" id="2" description="Stage">
      <posx>300</posx>
      <posy>165</posy>
      <width>1320</width>
      <height>825</height>
      <itemgap>0</itemgap>
      <onup>9</onup>
      <ondown>8999</ondown>
      <onleft>0</onleft>
      <onright>60</onright>
      <pagecontrol>60</pagecontrol>
    </control>
    <control type="button" id="3" description="Default Button">
      <font>size33</font>
      <align>left</align>
    </control>
    <control type="radiobutton" id="4" description="Default RadioButton">
      <font>size33</font>
      <align>left</align>
      <radioposx>1260</radioposx>
    </control>
    <control type="spincontrolex" id="5" description="Default spincontrolex">
      <font>size33</font>
      <reverse>yes</reverse>
    </control>
    <control type="image" id="6" description="DO NOT REMOVE">
      <texture>-</texture>
    </control>
    <control type="label" id="7">
      <label>-</label>
      <font>size36</font>
      <textcolor>Blue</textcolor>
    </control>
    <control type="sliderex" id="8" description="Default Slider Control">
      <font>size33</font>
      <width>900</width>
    </control>
    <control type="scrollbar" id="60">
      <posx>45r</posx>
      <posy>165</posy>
      <height>825</height>
      <onleft>2</onleft>
      <showonepage>false</showonepage>
      <onright>8999</onright>
    </control>
  </controls>
</window>
