<?xml version="1.0" encoding="UTF-8"?>
<window id="136">
    <coordinates>
        <posx>0</posx>
        <posy>0</posy>
    </coordinates>
    <include>OpenClose</include>
    <controls>
        <control type="image" description="Busy BG">
            <posx>0</posx>
            <posy>0</posy>
            <width>1920</width>
            <height>1080</height>
            <texture>busy/busybg2.png</texture>
            <aspectratio>stretch</aspectratio>
        </control>
        <control type="group">
            <posx>832</posx>
            <posy>412</posy>
            <control type="multiimage" description="Busy animation">
                <width>256</width>
                <height>256</height>
                <imagepath>busy/multi</imagepath>
                <timeperimage>85</timeperimage>
                <fadetime>0</fadetime>
                <loop>yes</loop>
                <aspectratio>keep</aspectratio>
            </control>
        </control>
        <control type="progress" id="10">
            <posx>735</posx>
            <posy>650</posy>
            <width>450</width>
            <height>8</height>
            <texturebg>musicosd/progressbg.png</texturebg>
            <midtexture>musicosd/progressm.png</midtexture>
            <righttexture>musicosd/progressr.png</righttexture>
            <lefttexture>musicosd/progressl.png</lefttexture>
        </control>
    </controls>
</window>
