<window id="502">
  <defaultcontrol always="true">50</defaultcontrol>
  <allowoverlay>no</allowoverlay>
  <views>52,50,51,53,54,500</views>
  <backgroundcolor>FFD9D9D9</backgroundcolor>
  <include>OpenClose</include>
  <controls>
    <include>Musicviews</include>
    <control type="group" description="Side menu 9000 group">
      <visible allowhiddenfocus="true">ControlGroup(9000).HasFocus()</visible>
      <include>DialogOpenCloseVisible</include>
      <control type="image" description="List back">
        <posx>540</posx>
        <posy>145</posy>
        <width>840</width>
        <height>790</height>
        <aspectratio>stretch</aspectratio>
        <texture border="150">images/dialog.png</texture>
      </control>
      <control type="grouplist" id="9000">
        <include>DialogGLs</include>
        <control type="button" id="2" description="Views">
          <texturenofocus>-</texturenofocus>
          <include>DialogButt</include>
        </control>
        <control type="button" id="3" description="Sort">
          <include>DialogButt</include>
        </control>
		<control type="togglebutton" id="4" description="SortOrder">
          <include>DialogButt</include>
		  <label>584</label>
		  <altlabel>585</altlabel>
		  <usealttexture>Container.SortDirection(Ascending)</usealttexture>
        </control>
        <control type="togglebutton" id="16" description="PartyMode">
          <include>DialogButt</include>
          <label>$LOCALIZE[589]: $LOCALIZE[1223]</label>
          <altlabel>$LOCALIZE[589]: $LOCALIZE[305]</altlabel>
        </control>
		<control type="button" id="8" description="Search">
          <include>DialogButt</include>
		  <label>137</label>
        </control>
        <control type="button" id="698" description="Files">
          <include>DialogButt</include>
          <label>$LOCALIZE[1024] $LOCALIZE[744]</label>
          <onclick>ActivateWindow(MusicFiles,root)</onclick>
        </control>
        <control type="togglebutton" id="699" description="Playing">
          <enable>Player.HasMedia</enable>
          <include>DialogButt</include>
          <label>$LOCALIZE[16003]</label>
          <altlabel>$LOCALIZE[31055]</altlabel>
          <usealttexture>Player.HasMedia</usealttexture>
          <onclick>fullscreen</onclick>
          <altclick>fullscreen</altclick>
          <animation effect="fade" start="100" end="60" time="100" condition="!Player.HasMedia">Conditional</animation>
        </control>
      </control>
    </control>
    <include>WindowsTopInfos</include>
  </controls>
</window>
