﻿<window id="501">
  <defaultcontrol always="true">50</defaultcontrol>
  <backgroundcolor>FFD9D9D9</backgroundcolor>
  <allowoverlay>no</allowoverlay>
  <controls>
    <control type="group" description="50 List base">
      <visible>Control.IsVisible(50)</visible>
      <include>left_Panel_square</include>
      <control type="group">
        <include>SlimListItemCount</include>
        <posx>960</posx>
      <posy>131</posy>
        <control type="fixedlist" id="50">
          <visible>!container.content(addons)</visible>
          <width>900</width>
          <height>891</height>
          <onleft condition="!Skin.HasSetting(ViewsMenuOff)">9000</onleft>
          <onright condition="Skin.HasSetting(Scrollbars_Active)">60</onright>
          <onup>50</onup>
          <ondown>50</ondown>
          <pagecontrol>60</pagecontrol>
          <viewtype label="535">List</viewtype>
          <focusposition>5</focusposition>
          <movement>5</movement>
          <preloaditems>4</preloaditems>
          <scrolltime tween="sine" easing="inout">280</scrolltime>
          <itemlayout width="802" height="81">
            <include>ArrowNF</include>
            <control type="label" description="Main Label">
              <include>52MainLabel</include>
              <label>$INFO[ListItem.Label]</label>
            </control>
            <control type="label" description="Label 2">
              <include>52Label2</include>
              <label>$INFO[ListItem.Label2]</label>
            </control>
			<control type="image">
                <width>900</width>
                <height>1</height>
                <texture>images/line.png</texture>
              </control>
          </itemlayout>
          <focusedlayout width="802" height="81">
		  <control type="image">
	<animation effect="fade" end="0" time="30">UnFocus</animation>
	<width>820</width>
	<height>81</height>
	<texture>images/white2.png</texture>
	<colordiffuse>335555FF</colordiffuse>
	</control>
            <include>ArrowFO</include>
            <control type="label" description="Main Label">
              <textcolor>White2</textcolor>
			  <include>52MainLabel</include>
              <label>$INFO[ListItem.Label]</label>
            </control>
            <control type="label" description="Label 2">
              <include>52Label2FO</include>
              <label>$INFO[ListItem.Label2]</label>
            </control>
			<control type="image">
                <width>900</width>
                <height>1</height>
                <texture>images/line.png</texture>
              </control>
          </focusedlayout>
        </control>
      </control>
      <control type="scrollbar" id="60">
        <posx>51r</posx>
        <posy>147</posy>
        <height>882</height>
        <onleft>50</onleft>
        <onright>-</onright>
      </control>
      <include>MusicInfo</include>
	  <include>Linemiddle</include>
    </control>
    <control type="group" description="51 fatList Addons">
      <visible>Control.IsVisible(51)</visible>
      <include>left_Panel_square</include>
      <control type="group" description="Slider and List">
        <include>LargeListItemCount</include>
        <posx>960</posx>
      <posy>131</posy>
        <control type="fixedlist" id="51">
          <width>802</width>
          <height>888</height>
          <onleft condition="!Skin.HasSetting(ViewsMenuOff)">9000</onleft>
          <onright condition="Skin.HasSetting(Scrollbars_Active)">60</onright>
          <onup>51</onup>
          <ondown>51</ondown>
          <pagecontrol>60</pagecontrol>
          <viewtype label="537">Big list</viewtype>
          <focusposition>3</focusposition>
          <movement>4</movement>
          <preloaditems>4</preloaditems>
          <scrolltime tween="sine" easing="inout">280</scrolltime>
          <include>LargeListAddonsLayout</include>
        </control>
      </control>
      <control type="scrollbar" id="60">
        <posx>51r</posx>
        <posy>135</posy>
        <height>870</height>
        <onleft>51</onleft>
        <onright>-</onright>
      </control>
	  <include>Linemiddle</include>
    </control>
    <control type="group" description="Grid">
      <visible>Control.IsVisible(53)</visible>
      <control type="group" description="Container and frame">
        <control type="panel" id="53" description="Grid">
          <viewtype label="536">Icons</viewtype>
          <posx>60</posx>
          <posy>210</posy>
          <width>1800</width>
          <height>897</height>
          <orientation>vertical</orientation>
          <onup>-</onup>
          <ondown>-</ondown>
          <onleft condition="!Skin.HasSetting(ViewsMenuOff)">9000</onleft>
          <onright condition="Skin.HasSetting(Scrollbars_Active)">60</onright>
          <preloaditems>4</preloaditems>
          <pagecontrol>60</pagecontrol>
          <scrolltime>400</scrolltime>
          <itemlayout height="375" width="300">
            <control type="image">
              <posx>22</posx>
              <posy>279</posy>
              <width>255</width>
              <height>255</height>
              <texture flipy="true" diffuse="images/reflection0.png" background="true">$INFO[ListItem.Icon]</texture>
              <aspectratio>stretch</aspectratio>
            </control>
            <control type="image">
              <posx>22</posx>
              <posy>24</posy>
              <width>255</width>
              <height>255</height>
              <texture fallback="DefaultAudio.png" background="true">$INFO[ListItem.Icon]</texture>
              <aspectratio>stretch</aspectratio>
            </control>
          </itemlayout>
          <focusedlayout height="375" width="300">
            <control type="image">
              <animation effect="fade" start="100" end="20" delay="100" time="200" reversible="true">Focus</animation>
              <posx>22</posx>
              <posy>279</posy>
              <width>255</width>
              <height>255</height>
              <texture flipy="true" diffuse="images/reflection0.png" background="true">$INFO[ListItem.Icon]</texture>
              <aspectratio>stretch</aspectratio>
            </control>
            <control type="image">
              <posx>22</posx>
              <posy>24</posy>
              <width>255</width>
              <height>255</height>
              <texture fallback="DefaultAudio.png" background="true">$INFO[ListItem.Icon]</texture>
              <aspectratio>stretch</aspectratio>
            </control>
            <control type="label">
              <animation effect="fade" start="0" end="100" time="200" delay="100">Focus</animation>
              <posx>150</posx>
              <posy>300</posy>
              <width>270</width>
              <height>45</height>
              <font>size27</font>
              <textcolor>White2</textcolor>
              <shadowcolor>Black</shadowcolor>
              <align>center</align>
              <label>[B]$INFO[ListItem.Label][/B]</label>
            </control>
          </focusedlayout>
        </control>
        <control type="group" description="Frame Sliders">
          <include>Scrollanim</include>
          <control type="image">
            <posx>69</posx>
            <posy>221</posy>
            <width>281</width>
            <height>281</height>
            <texture border="20">images/generalslider.png</texture>
            <aspectratio>stretch</aspectratio>
            <animation condition="Container.Column(0)" effect="slide" start="0,0" end="0,0" time="200" reversible="true">Conditional</animation>
            <animation condition="Container.Column(1)" effect="slide" start="0,0" end="300,0" time="200" reversible="true">Conditional</animation>
            <animation condition="Container.Column(2)" effect="slide" start="0,0" end="600,0" time="200" reversible="true">Conditional</animation>
            <animation condition="Container.Column(3)" effect="slide" start="0,0" end="900,0" time="200" reversible="true">Conditional</animation>
            <animation condition="Container.Column(4)" effect="slide" start="0,0" end="1200,0" time="200" reversible="true">Conditional</animation>
            <animation condition="Container.Column(5)" effect="slide" start="0,0" end="1500,0" time="200" reversible="true">Conditional</animation>
            <animation condition="Container.Row(0)" effect="slide" start="0,0" end="0,0" time="200" reversible="true">Conditional</animation>
            <animation condition="Container.Row(1)" effect="slide" start="0,0" end="0,375" time="200" reversible="true">Conditional</animation>
            <animation condition="Container.Row(2)" effect="slide" start="0,0" end="0,375" time="200" reversible="true">Conditional</animation>
          </control>
        </control>
      </control>
      <control type="image" description="Line Split">
        <posx>82</posx>
        <posy>164</posy>
        <width>1748</width>
        <height>1</height>
        <texture>images/linel.png</texture>
        <aspectratio>stretch</aspectratio>
      </control>
      <control type="grouplist" description="Media Header">
        <posx>82</posx>
        <posy>54</posy>
        <width>930</width>
        <height>75</height>
        <align>left</align>
        <aligny>bottom</aligny>
        <orientation>horizontal</orientation>
        <control type="label" id="7777" description="Heading">
          <width min="60" max="930">auto</width>
          <height>75</height>
          <font>size28</font>
          <textcolor>White2</textcolor>
          <label>$VAR[RootLabel]</label>
        </control>
        <control type="label" description="Number of files">
          <visible>!IsEmpty(Control.GetLabel(7777))</visible>
          <width min="60" max="120">auto</width>
          <height>81</height>
          <font>size26</font>
          <textcolor>Grey</textcolor>
          <label>$INFO[Container.NumItems,  (,)]</label>
        </control>
      </control>
      <control type="label" description="Media details">
        <posx>82</posx>
        <posy>117</posy>
        <width>1200</width>
        <textcolor>Silver</textcolor>
        <include>Genre51Commons</include>
        <label>$INFO[ListItem.label][COLOR=Grey]$VAR[TopLabel, - ][/COLOR]</label>
      </control>
      <control type="grouplist">
        <posx>304r</posx>
        <posy>126</posy>
        <height>24</height>
        <width>195</width>
        <itemgap>15</itemgap>
        <align>right</align>
        <orientation>horizontal</orientation>
        <control type="label" description="Media details">
          <visible>!IsEmpty(ListItem.Label2) + IsEmpty(ListItem.StarRating)</visible>
          <height>24</height>
          <width max="195">auto</width>
          <font>size27</font>
          <align>right</align>
          <textcolor>Silver</textcolor>
          <label>$INFO[ListItem.Label2]</label>
        </control>
        <control type="image" description="Rating">
          <visible>!IsEmpty(ListItem.StarRating)</visible>
          <posx>1590</posx>
          <posy>0</posy>
          <include>MusicRating</include>
        </control>
      </control>
      <control type="image" description="Bottom fade">
        <posx>0</posx>
        <posy>990</posy>
        <width>1920</width>
        <height>90</height>
        <texture>images/defaultgradient.png</texture>
        <aspectratio>stretch</aspectratio>
      </control>
      <control type="scrollbar" id="60">
        <posx>45r</posx>
        <posy>219</posy>
        <height>660</height>
        <onleft>53</onleft>
        <onright>9000</onright>
      </control>
    </control>
    <control type="group">
      <visible>Control.IsVisible(58)</visible>
      <control type="image">
        <include>Dimensions_Fullscreen</include>
        <include>Fanart_Fade</include>
        <texture background="true">$INFO[ListItem.Property(fanart_image)]</texture>
        <aspectratio>stretch</aspectratio>
      </control>
      <control type="image">
        <include>Dimensions_Fullscreen</include>
        <texture>images/vignette_58.png</texture>
        <aspectratio>stretch</aspectratio>
      </control>
      <control type="fixedlist" id="58" description="Fanart 3">
        <onup>9000</onup>
        <ondown condition="Skin.HasSetting(Scrollbars_Active)">60</ondown>
        <ondown condition="![Skin.HasSetting(Scrollbars_Active) | Skin.HasSeting(ViewsMenuOff)]">9000</ondown>
        <onleft>500</onleft>
        <onright>500</onright>
        <viewtype label="$LOCALIZE[20445] 3">Fanart 3</viewtype>
        <posx>-282</posx>
        <posy>690</posy>
        <width>2484</width>
        <height>402</height>
        <orientation>horizontal</orientation>
        <scrolltime>400</scrolltime>
        <focusposition>3</focusposition>
        <movement>2</movement>
        <preloaditems>4</preloaditems>
        <pagecontrol>60</pagecontrol>
        <itemlayout height="357" width="354">
          <control type="image" description="Reflection">
            <posx>27</posx>
            <posy>330</posy>
            <width>303</width>
            <height>303</height>
            <texture background="true" diffuse="images/reflectionshelf.png" flipy="true">$INFO[ListItem.Icon]</texture>
            <aspectratio>scale</aspectratio>
          </control>
          <control type="image" description="Thumb">
            <posx>27</posx>
            <posy>27</posy>
            <width>303</width>
            <height>303</height>
            <texture background="true">$INFO[ListItem.Icon]</texture>
            <aspectratio>scale</aspectratio>
          </control>
        </itemlayout>
        <focusedlayout height="357" width="354">
          <control type="group">
            <control type="image" description="Reflection">
              <posx>27</posx>
              <posy>330</posy>
              <width>303</width>
              <height>303</height>
              <texture background="true" diffuse="images/reflectionshelf.png" flipy="true">$INFO[ListItem.Icon]</texture>
              <aspectratio>scale</aspectratio>
            </control>
            <control type="image" description="Thumb">
              <posx>27</posx>
              <posy>27</posy>
              <width>303</width>
              <height>303</height>
              <texture background="true">$INFO[ListItem.Icon]</texture>
              <aspectratio>scale</aspectratio>
            </control>
          </control>
        </focusedlayout>
      </control>
      <control type="image" description="LeftFade">
        <visible>Container.Position(3) | Container.Position(4) | Container.Position(5) | Container.Position(6)</visible>
        <include>VisibleFade</include>
        <posx>0</posx>
        <posy>716</posy>
        <width>54</width>
        <height>447</height>
        <texture>images/defaultgradienth.png</texture>
        <aspectratio>stretch</aspectratio>
      </control>
      <control type="image" description="RightFade">
        <visible>Container.Position(0) | Container.Position(1) | Container.Position(2) | Container.Position(3)</visible>
        <include>VisibleFade</include>
        <posx>1866</posx>
        <posy>716</posy>
        <width>54</width>
        <height>447</height>
        <texture flipx="true">images/defaultgradienth.png</texture>
        <aspectratio>stretch</aspectratio>
      </control>
      <control type="image">
        <visible>Control.HasFocus(58)</visible>
        <posx>797</posx>
        <posy>707</posy>
        <width>323</width>
        <height>323</height>
        <texture border="20">images/generalslider.png</texture>
        <aspectratio>stretch</aspectratio>
        <animation condition="Container(58).Position(0)" effect="slide" end="-1062,0" time="220" easing="inout" reversible="true">Conditional</animation>
        <animation condition="Container(58).Position(1)" effect="slide" end="-708,0" time="220" easing="inout" reversible="true">Conditional</animation>
        <animation condition="Container(58).Position(2)" effect="slide" end="-354,0" time="220" easing="inout" reversible="true">Conditional</animation>
        <animation condition="Container(58).Position(4)" effect="slide" end="354,0" time="220" easing="inout" reversible="true">Conditional</animation>
        <animation condition="Container(58).Position(5)" effect="slide" end="708,0" time="220" easing="inout" reversible="true">Conditional</animation>
        <animation condition="Container(58).Position(6)" effect="slide" end="1062,0" time="220" easing="inout" reversible="true">Conditional</animation>
      </control>
      <control type="group" description="Media Info">
        <posy>622</posy>
        <control type="label" description="Item Title">
          <posx>0</posx>
          <posy>0</posy>
          <font>size33B</font>
          <textcolor>White2</textcolor>
          <width>1920</width>
          <align>center</align>
          <include>Genre51Commons</include>
          <label>$INFO[ListItem.Label][COLOR=Grey]$INFO[ListItem.Label2, • ][/COLOR]</label>
        </control>
        <control type="image" description="Line Split">
          <posx>15</posx>
          <posy>60</posy>
          <width>1890</width>
          <height>1</height>
          <texture>images/linest.png</texture>
          <aspectratio>stretch</aspectratio>
        </control>
      </control>
      <control type="scrollbar" id="60">
        <visible>true</visible>
        <animation effect="fade" delay="200" time="300">VisibleChange</animation>
        <posx>98</posx>
        <posy>1065</posy>
        <width>1725</width>
        <height>9</height>
        <onup>500</onup>
        <ondown>500</ondown>
        <orientation>horizontal</orientation>
        <texturesliderbackground border="6,4,6,4">scrollbar/hscrollbarbg.png</texturesliderbackground>
        <texturesliderbar border="6,4,6,4">scrollbar/hscrollernf.png</texturesliderbar>
        <texturesliderbarfocus border="6,4,6,4">scrollbar/hscrollerfo.png</texturesliderbarfocus>
        <pulseonselect>false</pulseonselect>
        <showonepage>false</showonepage>
      </control>
    </control>
    <control type="group" description="Side menu 9000 group">
      <visible allowhiddenfocus="true">ControlGroup(9000).HasFocus()</visible>
      <include>DialogOpenCloseVisible</include>
      <control type="image" description="List back">
        <posx>540</posx>
        <posy>55</posy>
        <width>846</width>
        <height>970</height>
        <aspectratio>stretch</aspectratio>
        <texture border="150">images/dialog.png</texture>
      </control>
      <control type="grouplist" id="9000">
	  <posy>215</posy>
        <height>650</height>
        <include>DialogGLs</include>
        <control type="button" id="2" description="Views">
          <texturenofocus>-</texturenofocus>
          <include>DialogButt</include>
        </control>
        <control type="button" id="3" description="Sort">
          <include>DialogButt</include>
        </control>
		<control type="togglebutton" id="4" description="SortOrder">
          <include>DialogButt</include>
		  <label>584</label>
		  <altlabel>585</altlabel>
		  <usealttexture>Container.SortDirection(Ascending)</usealttexture>
        </control>
        <control type="button" id="19" description="Filter">
          <include>DialogButt</include>
          <label>$LOCALIZE[587] $LOCALIZE[31001]</label>
        </control>
        <control type="button" id="697" description="Library">
          <visible>Library.HasContent(music) | Library.HasContent(musicvideos)</visible>
          <include>DialogButt</include>
          <label>$LOCALIZE[1024] $LOCALIZE[14022]</label>
          <onclick>ActivateWindow(MusicLibrary,root)</onclick>
        </control>
        <control type="togglebutton" id="699" description="Playing">
          <enable>Player.HasMedia</enable>
          <include>DialogButt</include>
          <label>$LOCALIZE[16003]</label>
          <altlabel>$LOCALIZE[31055]</altlabel>
          <usealttexture>Player.HasMedia</usealttexture>
          <onclick>fullscreen</onclick>
          <altclick>fullscreen</altclick>
          <animation effect="fade" start="100" end="60" time="100" condition="!Player.HasMedia">Conditional</animation>
        </control>
      </control>
    </control>
    <include>WindowsTopInfos</include>
  </controls>
</window>
