﻿<window type="dialog" id="1119">
  <defaultcontrol always="true">9000</defaultcontrol>
  <include>DialogOpenClose</include>
  <controls>
    <control type="group" description="Side menu 9000 group">
      <posx>259</posx>
      <posy>250</posy>
      <visible allowhiddenfocus="true">ControlGroup(9000).HasFocus()</visible>
      <include>DialogOpenCloseVisible</include>
      <control type="image" description="List back">
        <width>1402</width>
        <height>460</height>
        <aspectratio>stretch</aspectratio>
        <texture border="150">images/dialog.png</texture>
      </control>
      <control type="grouplist" id="9000">
        <posx>210</posx>
        <posy>152</posy>
        <control type="textbox" id="701">
          <width>975</width>
          <height>400</height>
          <visible>true</visible>
          <colordiffuse>FFFFFFFF</colordiffuse>
          <font>size27</font>
          <textcolor>White</textcolor>
          <pagecontrol>60</pagecontrol>
          <align>justify</align>
          <autoscroll delay="3000" time="1000" repeat="10000">!Control.HasFocus(13)</autoscroll>
          <label>To access RSS feeds You need install the script "RSS CLIENT STANDALONE" - In order to do so You must add the pieh Add-on Repository by downloading the zip file and selecting Add-ons, Install from zip file. LINK:[CR] https://github.com/downloads/pieh/pieh-xbmc-addons/repository.pieh.zip</label>
        </control>
        <control type="button" id="701">
          <visible allowhiddenfocus="true">false</visible>
          <include>DialogButt</include>
          <label>CLOSE</label>
          <onclick>Close</onclick>
        </control>
      </control>
    </control>
  </controls>
</window>
