﻿<window id="107">
  <type>dialog</type>
  <zorder>2</zorder>
  <allowoverlay>no</allowoverlay>
  <animation type="WindowOpen">
    <effect type="fade" start="0" end="100" time="240" />
    <effect type="zoom" tween="cubic" easing="out" start="0" end="100" center="960,50" time="240" />
  </animation>
  <animation type="WindowClose">
    <effect type="fade" start="100" end="0" time="180" />
    <effect type="zoom" tween="cubic" easing="in" start="100" end="0" center="960,50" time="180" />
  </animation>
  <controls>
    <control type="image" description="background">
      <posx>660</posx>
      <posy>6</posy>
      <width>600</width>
      <height>90</height>
      <aspectratio>stretch</aspectratio>
      <texture border="12">images/kaidialogbg.png</texture>
    </control>
    <control type="group">
      <posx>555</posx>
      <posy>18</posy>
      <control type="group">
        <posx>120</posx>
        <posy>3</posy>
        <control type="image" id="400" description="File Icon">
          <width>60</width>
          <height>60</height>
          <aspectratio align="left" aligny="center">keep</aspectratio>
          <texture>DefaultIconInfo.png</texture>
        </control>
        <control type="image" id="403" description="Default Icon">
          <width>60</width>
          <height>60</height>
          <aspectratio align="left" aligny="center">keep</aspectratio>
          <visible>false</visible>
          <texture>DefaultIconInfo.png</texture>
        </control>
        <control type="image" id="404" description="Default Warning">
          <width>60</width>
          <height>60</height>
          <aspectratio align="left" aligny="center">keep</aspectratio>
          <visible>false</visible>
          <texture>DefaultIconWarning.png</texture>
        </control>
        <control type="image" id="405" description="Default Error">
          <width>60</width>
          <height>60</height>
          <aspectratio>keep</aspectratio>
          <visible>false</visible>
          <texture>DefaultIconError.png</texture>
        </control>
        <control type="label" id="401" description="Heading">
          <posx>75</posx>
          <posy>-6</posy>
          <width>480</width>
          <height>27</height>
          <font>size26</font>
          <align>left</align>
          <aligny>bottom</aligny>
          <scroll>true</scroll>
          <label>-</label>
	  <textcolor>Black</textcolor>
        </control>
        <control type="label" id="402" description="Message">
          <posx>75</posx>
          <posy>27</posy>
          <width>480</width>
          <height>27</height>
          <scroll>true</scroll>
          <font>size26</font>
          <align>left</align>
          <aligny>bottom</aligny>
          <label>-</label>
          <textcolor>Black</textcolor>
        </control>
      </control>
    </control>
  </controls>
</window>
