﻿<window type="buttonMenu" id="111">
  <defaultcontrol>9000</defaultcontrol>
  <include>DialogOpenClose</include>
  <controls>
    <control type="image" description="BG">
      <animation effect="fade" start="0" end="50" delay="150" time="300">WindowOpen</animation>
      <animation effect="fade" start="50" end="0" time="50">WindowClose</animation>
      <width>1920</width>
      <height>1080</height>
      <texture>images/blackt.png</texture>
    </control>
    <control type="image" description="Dialog">
      <posx>350</posx>
      <posy>290</posy>
      <width>1220</width>
      <height>500</height>
      <aspectratio>stretch</aspectratio>
      <texture border="150">images/dialog.png</texture>
    </control>
    <control type="grouplist" id="9000">
      <posx>500</posx>
      <posy>450</posy>
      <width>920</width>
      <height>126</height>
      <onleft>9000</onleft>
      <onright>9000</onright>
      <onup>-</onup>
      <ondown>-</ondown>
      <itemgap>30</itemgap>
      <align>center</align>
      <orientation>horizontal</orientation>
      <control type="button" id="1" description="Exit button">
        <width>126</width>
        <height>126</height>
        <font>-</font>
        <texturenofocus>bm_quitnf.png</texturenofocus>
        <texturefocus>bm_quitfo.png</texturefocus>
		<colordiffuse>FFFFFFFF</colordiffuse>
        <onclick>XBMC.Quit()</onclick>
        <label>13009</label>
      </control>
      <control type="button" id="2" description="Shutdown button">
        <enable>System.CanPowerDown</enable>
        <animation type="Conditional" condition="!Control.IsEnabled(2)">
          <effect type="fade" start="100" end="30" time="0" reversible="true" />
        </animation>
        <width>126</width>
        <height>126</height>
        <font>-</font>
        <texturenofocus>bm_shutdownnf.png</texturenofocus>
        <texturefocus>bm_shutdownfo.png</texturefocus>
		<colordiffuse>FFFFFFFF</colordiffuse>
        <onclick>XBMC.Powerdown()</onclick>
        <label>13005</label>
      </control>
      <control type="button" id="3" description="Suspend button">
        <enable>System.CanSuspend</enable>
        <animation type="Conditional" condition="!Control.IsEnabled(3)">
          <effect type="fade" start="100" end="30" time="0" reversible="true" />
        </animation>
        <width>126</width>
        <height>126</height>
        <font>-</font>
        <texturenofocus>bm_sleepnf.png</texturenofocus>
        <texturefocus>bm_sleepfo.png</texturefocus>
		<colordiffuse>FFFFFFFF</colordiffuse>
        <onclick>XBMC.Suspend()</onclick>
        <label>13011</label>
      </control>
      <control type="button" id="4" description="Reboot button">
        <enable>System.CanReboot</enable>
        <animation type="Conditional" condition="!Control.IsEnabled(4)">
          <effect type="fade" start="100" end="30" time="0" reversible="true" />
        </animation>
        <width>126</width>
        <height>126</height>
        <font>-</font>
        <texturenofocus>bm_restartnf.png</texturenofocus>
        <texturefocus>bm_restartfo.png</texturefocus>
		<colordiffuse>FFFFFFFF</colordiffuse>
        <onclick>XBMC.Reset()</onclick>
        <label>13013</label>
      </control>
      <control type="button" id="5" description="LogOff">
        <enable>System.HasLoginScreen</enable>
        <animation type="Conditional" condition="!Control.IsEnabled(5)">
          <effect type="fade" start="100" end="30" time="0" reversible="true" />
        </animation>
        <width>126</width>
        <height>126</height>
        <font>-</font>
        <texturenofocus>bm_logoffnf.png</texturenofocus>
        <texturefocus>bm_logofffo.png</texturefocus>
		<colordiffuse>FFFFFFFF</colordiffuse>
        <onclick>Activatewindow(29)</onclick>
        <label>13013</label>
      </control>
	  <control type="button" id="6" description="TimerOff">
        <animation type="Conditional" condition="!Control.IsEnabled(6)">
          <effect type="fade" start="100" end="30" time="0" reversible="true" />
        </animation>
        <width>126</width>
        <height>126</height>
        <font>-</font>
        <texturenofocus>bm_timeroffnf.png</texturenofocus>
        <texturefocus>bm_timerofffo.png</texturefocus>
		<colordiffuse>FFFFFFFF</colordiffuse>
        <onclick>AlarmClock(Timer,Quit())</onclick>
        <label>13013</label>
      </control>
    </control>
    <control type="group">
      <posx>660</posx>
      <posy>565</posy>
      <control type="label">
        <visible>ControlGroup(9000).HasFocus(1)</visible>
        <width>600</width>
        <align>center</align>
        <font>size39B</font>
        <label>13009</label>
      </control>
      <control type="label">
        <visible>ControlGroup(9000).HasFocus(2)</visible>
        <width>600</width>
        <align>center</align>
        <font>size39B</font>
        <label>13005</label>
      </control>
      <control type="label">
        <visible>ControlGroup(9000).HasFocus(3)</visible>
        <width>600</width>
        <align>center</align>
        <font>size39B</font>
        <label>13011</label>
      </control>
      <control type="label">
        <visible>ControlGroup(9000).HasFocus(4)</visible>
        <width>600</width>
        <align>center</align>
        <font>size39B</font>
        <label>13013</label>
      </control>
      <control type="label">
        <visible>ControlGroup(9000).HasFocus(5)</visible>
        <width>600</width>
        <align>center</align>
        <font>size39B</font>
        <label>31032</label>
      </control>
	  <control type="label">
        <visible>ControlGroup(9000).HasFocus(6)</visible>
        <width>600</width>
        <align>center</align>
        <font>size39B</font>
        <label>Timer</label>
      </control>
    </control>
  </controls>
</window>
