<?xml version="1.0" encoding="UTF-8"?>
<window id="34">
  <defaultcontrol always="true">2</defaultcontrol>
  <allowoverlay>no</allowoverlay>
  <include>OpenClose</include>
  <controls>
    <include>BlackBackground</include>
	<include>Header</include>
    <control type="togglebutton" id="4" description="Toggle Login Screen">
      <posx>80</posx>
      <posy>100</posy>
      <height>81</height>
      <width>800</width>
      <label>$LOCALIZE[20096]:  $LOCALIZE[1223]</label>
      <altlabel>$LOCALIZE[20096]:  $LOCALIZE[305]</altlabel>
      <align>center</align>
      <onright>2</onright>
      <onleft>2</onleft>
      <onup>2</onup>
      <ondown>2</ondown>
      <font>size36</font>
      <textoffsetx>20</textoffsetx>
    </control>
  
    <control type="group" description="List">
      <posx>960</posx>
      <posy>100</posy>
      <control type="list" id="2">
        <posx>0</posx>
        <posy>0</posy>
        <width>900</width>
        <height>730</height>
        <onleft>4</onleft>
        <onright>-</onright>
        <onup>2</onup>
        <ondown>2</ondown>
        <pagecontrol>60</pagecontrol>
        <scrolltime>280</scrolltime>
        <itemlayout height="81">
		<control type="image">
		  <width>80</width>
		  <height>80</height>
		  <aspectratio>keep</aspectratio>
		  <info>ListItem.Icon</info>
		  </control>
          <control type="label" description="Main Label">
            <posx>90</posx>
            <height>81</height>
            <width>900</width>
            <aligny>center</aligny>
            <font>size36</font>
            <textcolor>Black</textcolor>
            <label>$INFO[ListItem.Label]</label>
          </control>
		  <include>listline</include>
        </itemlayout>
        <focusedlayout height="81">
          <include>SmallSelector</include>
		  <control type="image">
		  <width>80</width>
		  <height>80</height>
		  <aspectratio>keep</aspectratio>
		  <info>ListItem.Icon</info>
		  </control>
          <control type="label" description="Main Label">
            <posx>90</posx>
            <height>81</height>
            <width>900</width>
            <aligny>center</aligny>
            <font>size36</font>
            <textcolor>Black</textcolor>
            <label>$INFO[ListItem.Label]</label>
          </control>
		  <include>listline</include>
        </focusedlayout>
      </control>
    </control>
	<include>User</include>
	<control type="image">
	<posx>180</posx>
	<posy>200</posy>
		  <width>600</width>
		  <height>700</height>
		  <texture fallback="def_user.png">$INFO[Container(2).ListItem.Icon]</texture>
		  <aspectratio>keep</aspectratio>
		  </control>
	<control type="image">
	<posx>959</posx>
	<width>1</width>
	<height>1080</height>
	<texture>images/linev.png</texture>
	</control>
	<control type="image">
	<posx>80</posx>
      <posy>100</posy>
	<width>800</width>
	<height>1</height>
	<texture>images/line.png</texture>
	</control>
	<control type="image">
	<posx>80</posx>
      <posy>181</posy>
	<width>800</width>
	<height>1</height>
	<texture>images/line.png</texture>
	</control>
  </controls>
</window>
